sex,marital_status,age,education,income,occupation,settlement_size,target
0,0,4.204692619390966,2,11.73342552533902,1,2,1
1,1,3.091042453358316,1,11.92353067343267,1,2,0
0,0,3.8918202981106265,1,11.398748419907829,0,0,0
0,0,3.80666248977032,1,12.052717482528816,1,1,1
0,0,3.970291913552122,1,11.911909616978704,1,1,1
0,0,3.555348061489413,1,11.883440195715222,0,0,0
0,0,3.970291913552122,1,11.96077933957018,1,1,1
0,0,3.555348061489413,1,12.173657919016431,2,1,0
0,1,4.110873864173311,2,11.928941383673516,0,0,1
0,1,3.332204510175204,1,12.070516347023949,2,0,0
1,1,3.218875824868201,1,11.594219696852834,1,0,0
1,1,3.1780538303479458,1,11.756624301439086,1,0,0
1,1,3.091042453358316,1,11.59622747074103,1,2,0
0,0,4.0943445622221,2,11.400585091122524,0,0,0
1,1,3.332204510175204,1,11.541503203601936,1,1,0
1,1,3.4657359027997265,1,11.389943940555,0,0,0
0,0,3.970291913552122,1,11.740459364585732,1,0,0
0,0,3.218875824868201,0,11.966761601803787,1,2,0
1,1,3.784189633918261,2,12.475916559852076,2,2,1
0,0,3.4339872044851463,0,11.88212070190536,1,1,0
0,0,3.871201010907891,1,11.685003064473658,1,1,0
0,0,3.784189633918261,1,11.901658028252529,1,1,1
0,0,3.871201010907891,1,11.405384796728104,0,0,0
0,0,3.784189633918261,1,11.812422465466549,1,2,0
0,1,3.258096538021482,1,11.548939117922176,1,2,0
0,0,3.58351893845611,1,11.183156709728118,0,0,0
0,1,3.6635616461296463,1,11.13113782021642,0,0,0
1,1,3.737669618283368,2,12.001658842261405,1,1,1
0,0,3.5263605246161616,1,11.689455281972371,1,1,0
0,0,4.143134726391533,2,12.077568594619676,1,0,1
0,1,3.58351893845611,1,11.98071414302166,1,1,0
0,0,3.295836866004329,0,11.6963380929961,1,1,0
0,0,3.4011973816621555,0,11.99993983763268,1,2,0
0,0,4.04305126783455,2,11.380593352921188,0,0,0
1,1,3.49650756146648,1,11.954844642085964,2,1,0
0,0,3.218875824868201,0,11.556990196132327,0,0,0
0,0,3.4339872044851463,0,11.873288599165972,1,2,0
0,0,3.610917912644224,1,11.757251083872092,1,1,0
0,0,3.610917912644224,1,11.689195414335748,1,1,0
0,0,3.1780538303479458,0,11.43541787450322,1,1,0
0,0,3.4011973816621555,0,12.003521850454511,2,1,0
0,1,3.258096538021482,1,11.782349366838313,1,0,0
0,0,3.784189633918261,1,11.803039577613292,0,0,0
0,1,3.1780538303479458,1,11.951851138645102,1,1,0
1,1,4.060443010546419,2,11.865938713075968,0,1,1
1,1,3.555348061489413,1,11.83780938711811,2,1,0
0,0,3.6635616461296463,1,11.850696857323062,1,0,0
1,1,3.1354942159291497,1,11.088598586820854,0,0,0
0,0,3.6635616461296463,1,11.779128505744886,0,0,0
1,1,3.332204510175204,1,11.71856470583355,1,0,0
0,0,3.367295829986474,0,11.344873609972485,0,0,0
0,0,3.4011973816621555,0,12.101800426351735,2,2,0
0,0,3.218875824868201,0,11.43017409217326,1,2,0
0,0,3.4339872044851463,0,11.67127873012338,1,0,0
0,0,4.04305126783455,2,11.819159382816537,1,1,1
0,0,3.258096538021482,0,10.972636701053595,0,0,0
0,0,3.951243718581428,1,12.218865467328929,2,2,1
1,1,3.4339872044851463,1,12.120825166502904,1,1,0
1,1,3.1354942159291497,1,11.933390837795288,2,1,0
1,1,3.1354942159291497,1,11.654772189198464,0,0,0
0,1,3.295836866004329,1,11.580163464235904,1,2,0
0,0,3.912023005428146,1,11.725137484210755,1,1,0
0,0,4.110873864173311,2,12.02220990171739,2,1,1
0,0,3.218875824868201,0,12.334399895062228,1,2,0
1,1,3.258096538021482,1,11.681587486978218,1,1,0
0,0,3.871201010907891,1,11.90574427804407,1,1,1
1,1,3.367295829986474,1,11.617906908789402,1,0,0
0,1,3.091042453358316,1,11.84782503703112,1,0,0
0,0,3.610917912644224,1,11.580378484827293,1,2,0
1,1,3.218875824868201,1,11.608408357131642,1,2,0
1,1,3.4011973816621555,1,12.03825736213784,1,1,0
0,0,3.828641396489095,1,11.207798782912072,0,0,0
0,0,3.9318256327243257,1,11.862581836249817,2,2,1
1,1,3.713572066704308,2,11.82010864867856,0,0,0
0,0,3.688879454113936,1,11.85572052747492,2,2,0
0,0,4.189654742026425,2,11.965903731747076,2,2,1
0,0,3.5263605246161616,1,11.737563898391212,1,1,0
0,0,3.9318256327243257,1,11.954310974393948,1,2,1
0,0,3.6635616461296463,1,11.929640389267645,0,0,0
0,1,3.091042453358316,1,11.747206760694894,1,1,0
1,1,3.784189633918261,2,11.97820545537955,1,2,1
0,0,3.8501476017100575,1,11.82142435613452,1,1,0
1,1,3.1780538303479458,1,11.347956477707092,0,0,0
1,1,4.060443010546419,2,11.515023263052374,0,0,0
0,0,3.951243718581428,1,11.447917500327964,0,0,0
1,1,3.367295829986474,1,11.803974363297629,2,1,0
1,1,3.295836866004329,1,11.608817293765796,1,2,0
0,0,3.8501476017100575,1,12.39283433035015,1,1,1
0,0,3.4011973816621555,0,11.91184922503497,2,2,0
0,0,3.332204510175204,0,11.44006440740299,1,2,0
0,0,4.02535169073515,1,11.613720575005123,1,1,0
0,0,3.9889840465642745,1,11.666538857627438,1,1,0
1,1,3.49650756146648,1,11.17142058582094,0,0,0
0,0,2.995732273553991,0,11.76506843880134,1,1,0
0,0,3.9889840465642745,1,12.015093721645036,1,2,1
0,0,4.060443010546419,2,12.500010112144462,1,1,1
1,1,4.110873864173311,2,11.81354844155481,1,1,1
0,0,3.5263605246161616,1,11.811502966083973,1,2,0
0,0,3.58351893845611,1,11.696521209641912,1,1,0
0,0,3.58351893845611,1,12.183136614247116,2,2,0
0,1,3.713572066704308,1,11.44434679340493,0,0,0
0,0,3.1780538303479458,0,11.612281992710349,1,0,0
1,1,3.1780538303479458,1,11.463588151141716,1,1,0
0,0,3.555348061489413,1,11.65566557688837,1,1,0
0,1,3.258096538021482,1,11.58316023165268,1,1,0
0,0,3.6635616461296463,1,12.407853633480348,2,2,1
0,0,3.6635616461296463,1,12.117831421679735,2,2,0
0,0,3.4657359027997265,0,11.937382414259984,1,2,0
1,1,3.4011973816621555,1,12.014591265349676,1,0,0
0,1,3.555348061489413,1,11.853105106379765,1,0,0
0,1,3.4339872044851463,1,11.72967260277917,1,1,0
1,1,3.1354942159291497,1,11.58249816832219,1,1,0
0,0,3.332204510175204,0,11.707109714306696,0,2,0
1,1,3.218875824868201,1,11.998094761922433,1,0,0
0,1,3.555348061489413,1,11.806430550724798,1,1,0
0,0,3.8501476017100575,1,11.78935951493115,1,1,0
1,1,3.4011973816621555,1,12.154231832860788,2,0,0
1,1,3.295836866004329,1,11.600011005876311,1,2,0
1,1,3.1354942159291497,1,11.941709885399888,1,1,0
0,1,3.58351893845611,1,12.103458355540372,2,1,0
1,1,3.218875824868201,1,11.558405394448444,1,2,0
1,1,3.713572066704308,2,12.02534781329281,2,2,0
0,0,3.1780538303479458,0,11.099196303443602,0,0,0
0,0,4.143134726391533,2,11.818599703292088,1,0,1
1,1,3.295836866004329,1,11.662233007145424,1,2,0
0,0,3.4011973816621555,0,11.554959524642651,1,1,0
0,1,3.688879454113936,1,11.18027392020147,0,0,0
0,0,3.4011973816621555,0,11.503541573659888,1,2,0
0,0,3.5263605246161616,1,11.87742273459009,2,2,0
1,1,3.367295829986474,1,11.726568024463363,1,0,0
1,1,3.1780538303479458,1,12.08228788550313,1,2,0
0,0,3.367295829986474,0,11.913371331064898,1,2,0
0,0,3.295836866004329,0,11.25848472629825,0,0,0
0,0,3.8501476017100575,1,11.665989840697064,1,1,0
1,1,3.044522437723423,1,12.17935899201175,1,0,0
1,1,3.6375861597263857,1,11.60195230953988,1,2,0
0,0,3.295836866004329,0,12.22941312488808,1,2,0
0,0,4.189654742026425,2,11.744060995173982,0,0,1
0,0,3.555348061489413,1,11.720825420791677,1,1,0
1,1,3.784189633918261,2,11.592207883697355,0,0,0
0,1,3.295836866004329,1,11.406542204264715,0,0,0
1,1,3.4011973816621555,1,12.078563085224143,2,1,0
0,0,3.295836866004329,0,11.87987148039856,2,2,0
0,0,3.091042453358316,0,11.52470580350576,1,1,0
1,1,3.1354942159291497,1,11.584371325418246,1,2,0
0,0,3.4011973816621555,0,11.854136455938615,1,1,0
1,1,3.6635616461296463,2,11.575533999881957,1,0,0
1,1,3.9318256327243257,2,11.7584174199482,1,0,0
0,0,3.332204510175204,0,11.804833595047922,1,1,0
0,0,3.828641396489095,1,11.93415236745625,1,2,1
0,0,3.737669618283368,1,11.694630164880422,1,0,0
0,0,3.6375861597263857,1,11.59711954376624,1,2,0
0,0,3.1780538303479458,0,11.940060736488684,1,1,0
1,1,3.367295829986474,1,12.274684110957748,1,2,0
0,0,3.58351893845611,1,12.245778817752209,2,2,0
1,1,2.995732273553991,1,11.46536204803862,1,1,0
0,0,3.871201010907891,1,11.72929411840324,1,1,0
0,1,3.80666248977032,2,11.187403059535267,0,0,0
0,0,3.6375861597263857,1,11.894978640067734,1,2,0
0,0,3.5263605246161616,1,11.22980629993826,0,0,0
0,0,3.58351893845611,1,11.77366533389829,1,1,0
1,1,3.4011973816621555,1,11.524389501078469,1,1,0
0,0,3.58351893845611,1,11.75848000355601,1,2,0
0,0,4.248495242049359,2,12.323846792258164,2,2,1
0,0,3.58351893845611,1,11.731619130210808,1,2,0
0,0,3.4657359027997265,0,11.8573375261677,1,1,0
1,1,3.49650756146648,1,11.554796509045534,1,2,0
1,1,2.995732273553991,1,11.90285044839666,1,2,0
1,1,3.218875824868201,1,11.737412113924862,1,1,0
0,1,3.4339872044851463,1,11.655890966119186,1,2,0
0,0,3.49650756146648,1,11.466305444335005,1,0,0
1,1,3.258096538021482,1,11.463304455744613,1,1,0
1,1,3.5263605246161616,1,11.938395794230136,2,2,0
0,0,3.49650756146648,1,11.598176126142436,1,0,0
0,0,3.258096538021482,0,11.639690265761724,1,1,0
1,1,3.970291913552122,2,12.260698131994063,2,0,1
0,1,3.737669618283368,2,11.706079801428672,1,0,0
0,0,3.951243718581428,1,11.78848687810893,1,2,0
0,0,3.4339872044851463,0,11.802410910367104,2,1,0
0,0,4.174387269895637,2,11.672779847714164,1,0,0
0,1,3.332204510175204,1,12.085547729352577,1,2,0
0,1,3.4011973816621555,1,12.036250642804614,2,1,0
0,0,3.688879454113936,1,11.260867903491375,0,0,0
0,0,3.912023005428146,1,12.081897347829676,1,2,1
0,0,3.58351893845611,1,11.573126467660986,1,1,0
0,0,3.4339872044851463,0,11.490526470026747,1,1,0
1,1,4.30406509320417,3,12.275430783632483,2,1,1
0,0,4.219507705176107,2,11.218889918546273,0,0,0
0,1,2.995732273553991,1,11.502753909648732,1,0,0
1,1,3.49650756146648,1,11.8023135813012,1,1,0
0,0,3.9889840465642745,1,12.290648141502396,2,2,1
0,0,3.5263605246161616,1,11.665861121240942,0,0,0
0,0,3.58351893845611,1,11.815264596015629,1,2,0
0,1,3.367295829986474,1,11.575280353716996,1,1,0
0,0,3.044522437723423,0,11.762516186299289,1,2,0
1,1,3.5263605246161616,1,11.902437327397127,2,2,0
1,1,3.332204510175204,1,11.539538184194956,1,0,0
1,1,3.295836866004329,1,11.6974279750889,1,0,0
0,0,3.58351893845611,1,11.729761163546003,1,2,0
0,1,3.688879454113936,1,12.073814727406967,2,1,0
0,0,3.951243718581428,1,11.831139167284157,1,0,1
0,1,3.295836866004329,1,11.094603054859508,0,0,0
0,0,3.258096538021482,0,11.77424302799068,1,1,0
0,1,3.044522437723423,1,11.390475305213664,1,1,0
0,0,3.6375861597263857,1,11.220780113557778,0,0,0
0,0,3.6375861597263857,1,12.31175610903473,2,2,0
0,0,3.7612001156935615,1,11.634062868439186,1,0,0
0,0,3.258096538021482,0,11.546466618376922,1,2,0
0,1,3.044522437723423,1,11.63397427329237,0,0,0
0,0,4.007333185232471,1,11.969970493051571,1,2,1
0,0,3.49650756146648,1,11.659922043704569,1,2,0
1,1,3.80666248977032,2,11.606479558302343,0,0,0
0,0,3.912023005428146,1,11.923039748892505,1,1,1
0,0,4.189654742026425,2,12.094956710285052,2,0,1
0,0,3.9318256327243257,1,11.796350991168824,1,0,0
1,1,3.6635616461296463,2,11.363868457008715,0,0,0
0,0,3.4339872044851463,0,11.648574613565753,1,2,0
0,0,3.1354942159291497,0,11.804938146782456,1,1,0
0,1,3.1780538303479458,1,11.304793671276457,0,0,0
1,1,4.158883083359672,3,11.784798226215246,1,0,1
0,1,3.258096538021482,1,11.13901716176628,0,0,0
1,1,3.1354942159291497,1,11.482064114781313,1,1,0
0,0,3.4011973816621555,0,11.415522095973136,1,2,0
0,0,3.4657359027997265,0,11.644970753889448,1,1,0
0,0,3.4011973816621555,0,11.764765310750738,1,1,0
0,0,3.295836866004329,0,11.57705452729098,1,1,0
0,0,3.295836866004329,0,12.372705102859488,1,1,0
0,0,3.970291913552122,1,12.244249544868545,2,1,1
0,0,3.091042453358316,0,11.426702867721142,1,1,0
0,0,3.091042453358316,0,11.587847391487488,1,2,0
0,0,3.258096538021482,0,11.843358071114562,1,2,0
0,0,3.9318256327243257,1,11.709733254463467,0,0,0
0,0,3.555348061489413,1,11.71156318624912,1,0,0
0,1,3.218875824868201,1,11.16081153235906,0,0,0
0,0,3.737669618283368,1,11.268647650125732,0,0,0
0,0,3.4011973816621555,0,11.7862524950544,2,0,0
0,0,3.1354942159291497,0,12.026204077697283,0,2,0
0,1,4.110873864173311,2,11.781332970677312,0,0,1
1,1,3.555348061489413,1,11.584389946178533,1,1,0
0,0,3.6635616461296463,1,11.655492165982125,1,1,0
1,1,3.367295829986474,1,11.502996333892344,1,0,0
0,0,3.9318256327243257,1,11.661310986735336,1,1,0
0,0,3.1780538303479458,0,11.722805442699448,1,1,0
1,1,3.295836866004329,1,11.5130054617704,1,0,0
1,1,3.555348061489413,1,11.736908663681882,0,0,0
0,0,3.218875824868201,0,11.42976122370946,1,2,0
0,0,3.951243718581428,1,11.593260437622504,1,2,0
0,0,3.555348061489413,1,11.63495723971599,1,0,0
0,0,3.258096538021482,0,11.671816320961444,1,1,0
1,1,3.091042453358316,1,11.39414192898026,1,2,0
1,1,3.6635616461296463,2,11.653547906574923,0,0,0
1,1,3.828641396489095,2,11.638667851894756,0,0,0
1,1,3.1780538303479458,1,11.660301822229206,1,1,0
0,0,3.555348061489413,1,11.85842823190571,1,2,0
0,0,3.1780538303479458,0,11.586482571139426,1,1,0
0,0,3.295836866004329,0,11.788669056507633,0,0,0
0,0,3.555348061489413,1,11.334838927807764,0,0,0
0,1,3.367295829986474,1,11.578975343431727,1,2,0
1,1,3.1354942159291497,1,11.816999944757676,1,1,0
1,1,4.04305126783455,2,11.58191033642518,0,0,0
0,0,3.295836866004329,0,11.487053657402658,1,1,0
1,1,4.007333185232471,2,11.746866512943775,1,2,0
0,0,3.58351893845611,1,12.04129823316572,2,1,0
1,1,4.04305126783455,2,11.598598446708378,0,0,0
0,0,3.4657359027997265,0,11.117583940032915,0,0,0
0,0,3.610917912644224,1,11.573220620753984,1,0,0
0,0,3.58351893845611,1,11.91329092528368,1,0,0
1,1,3.6375861597263857,1,11.627360680703712,1,0,0
0,1,3.80666248977032,2,12.279090738266746,2,2,1
0,0,3.218875824868201,0,11.402373720391823,1,1,0
0,0,3.4657359027997265,0,11.618023946300058,1,2,0
1,1,3.610917912644224,1,11.82823972765639,1,1,0
0,0,3.58351893845611,1,12.407138263000364,2,2,0
0,0,3.332204510175204,0,11.701162822193488,1,1,0
0,1,3.5263605246161616,1,12.0746361998283,0,0,0
0,0,3.4657359027997265,0,11.621044173314976,1,1,0
1,1,3.258096538021482,1,11.616501389191583,1,0,0
0,1,3.8918202981106265,2,11.341745608275108,0,0,0
1,1,3.4657359027997265,1,11.826903741620589,1,2,0
0,0,3.367295829986474,0,11.883688701231945,2,2,0
0,0,3.1354942159291497,0,11.926226458846168,1,1,0
0,0,3.912023005428146,1,11.652661320048594,1,1,0
0,0,3.8918202981106265,1,11.522489582638825,0,0,0
0,0,4.143134726391533,2,11.734860286064308,1,2,0
0,1,3.610917912644224,1,11.93366006540916,1,2,0
1,1,3.555348061489413,1,12.031391823832172,0,1,0
0,0,3.258096538021482,0,11.749624721146931,1,2,0
0,0,3.4339872044851463,0,12.25494375880409,2,2,0
1,1,3.8918202981106265,2,11.74137491507462,1,1,0
0,1,3.871201010907891,2,11.618941765554109,1,1,0
0,1,3.258096538021482,1,11.452474578061013,1,0,0
0,1,3.332204510175204,1,12.27662430148112,2,1,0
1,1,3.784189633918261,2,12.174664534370493,2,1,1
0,0,4.02535169073515,1,12.035960252642653,1,1,1
0,1,3.828641396489095,2,12.2209464795896,2,1,1
1,1,3.258096538021482,1,12.167596854853238,1,2,0
1,1,2.995732273553991,1,11.75922288463928,1,2,0
0,0,3.80666248977032,1,11.26770244632564,0,0,0
0,0,3.7612001156935615,1,11.682212439493725,1,1,0
0,0,3.4657359027997265,0,11.991510914828584,1,2,0
1,1,3.9889840465642745,2,10.944152881249387,0,0,0
1,1,3.737669618283368,2,11.8921629496281,1,1,0
0,0,3.610917912644224,1,11.412198641603746,0,0,0
0,0,3.8918202981106265,1,11.59958928156774,1,0,0
0,0,3.784189633918261,1,12.298282569959897,1,0,1
0,1,3.49650756146648,1,11.88242482344573,1,1,0
1,1,3.1780538303479458,1,11.536886102415073,0,0,0
0,1,3.49650756146648,1,11.288118030169317,0,0,0
1,1,3.1780538303479458,1,11.58164896684711,1,2,0
0,1,3.091042453358316,1,11.039122627865256,0,0,0
0,0,3.688879454113936,1,11.43568798562858,0,0,0
0,0,3.218875824868201,0,11.893749459161942,1,0,0
1,1,3.258096538021482,1,11.862349182194768,1,1,0
0,1,3.218875824868201,1,11.135785388612968,0,0,0
0,0,3.367295829986474,0,11.355990913766354,0,0,0
0,0,3.4339872044851463,0,11.618104964245578,1,2,0
0,0,3.6375861597263857,1,11.114088343152284,0,0,0
1,1,3.871201010907891,2,11.745258661850295,0,0,0
0,0,3.4657359027997265,0,11.432333439782782,1,2,0
1,1,3.295836866004329,1,11.446839079842368,0,0,0
0,1,3.332204510175204,1,12.014851605549186,2,0,0
0,1,3.4657359027997265,1,11.582404884740033,1,0,0
0,0,3.5263605246161616,1,11.884895835194484,2,0,0
0,0,3.332204510175204,0,11.907417252482936,1,0,0
1,1,3.58351893845611,1,11.568180401679824,1,2,0
0,0,3.6635616461296463,1,11.448194925398298,0,0,0
0,0,3.8918202981106265,1,11.949747111174872,1,2,1
1,1,3.5263605246161616,1,11.914087996925012,1,2,0
0,0,3.4339872044851463,0,11.889099068442992,1,1,0
0,0,3.332204510175204,0,11.528690540548611,1,2,0
0,0,4.31748811353631,2,12.270609604166523,2,1,1
1,1,3.4011973816621555,1,11.71521303440506,1,0,0
1,1,3.1780538303479458,1,12.25417686020432,2,1,0
1,1,3.1780538303479458,1,12.106268884696242,0,0,0
0,0,3.1354942159291497,0,11.67677750548052,1,1,0
0,1,3.784189633918261,2,11.986983364544004,2,1,1
1,1,3.1354942159291497,1,11.345819560782637,0,0,0
1,1,3.1780538303479458,1,11.49759860646072,1,2,0
0,0,3.332204510175204,0,11.714714625626018,1,2,0
0,1,3.4339872044851463,1,11.3070568392002,0,0,0
1,1,3.1780538303479458,1,11.920867502953286,1,1,0
1,1,3.258096538021482,1,11.433719906789252,0,0,0
0,1,3.218875824868201,1,11.917396746062549,1,2,0
0,0,3.49650756146648,1,12.031356097212264,2,1,0
0,0,3.610917912644224,1,11.656384910972056,0,0,0
1,1,3.7612001156935615,2,11.355124798706184,0,0,0
0,0,3.1354942159291497,0,11.470174527902596,1,2,0
1,1,3.1354942159291497,1,11.48779225533123,0,0,0
0,0,3.5263605246161616,1,11.377735554908543,0,0,0
0,0,3.4657359027997265,0,11.890902891252168,1,1,0
1,1,3.1354942159291497,1,11.485626208032404,1,0,0
1,1,3.367295829986474,1,11.593896971945352,1,2,0
0,0,3.6375861597263857,1,11.927099209255294,2,1,0
0,0,3.332204510175204,0,11.862504290912188,1,1,0
0,0,3.828641396489095,1,11.780468603581122,1,2,0
0,0,3.1354942159291497,0,11.14633004687547,0,0,0
0,0,3.8918202981106265,1,11.707389667210563,1,2,0
0,0,3.258096538021482,0,11.942015949708342,2,2,0
0,1,3.332204510175204,1,11.43872979666362,1,0,0
1,1,3.1354942159291497,1,11.594864834381662,1,2,0
0,0,4.110873864173311,2,11.771868499082204,1,2,1
0,0,3.610917912644224,1,12.044412170983897,2,0,0
1,1,3.58351893845611,1,11.815863077663431,1,1,0
0,1,3.044522437723423,1,11.480081974040464,1,2,0
0,0,3.218875824868201,0,10.68473718131762,0,0,0
0,0,3.58351893845611,1,11.547529769657158,1,0,0
0,0,3.295836866004329,0,11.682659800703153,1,1,0
1,1,3.091042453358316,1,11.69261021510968,1,2,0
0,0,3.737669618283368,1,11.748677198059127,1,1,0
1,1,3.688879454113936,2,11.82636299962172,1,2,0
0,0,3.58351893845611,1,11.680784610100622,1,1,0
0,0,3.49650756146648,1,11.881705841603615,1,1,0
1,1,3.1354942159291497,1,11.571599951213637,1,0,0
0,0,4.143134726391533,2,12.514711091221953,2,2,1
1,1,4.0943445622221,2,12.642273856117422,2,2,1
1,1,3.610917912644224,1,12.045821730377652,1,1,0
0,1,3.5263605246161616,1,11.63033509758704,1,0,0
0,0,3.58351893845611,1,11.480815411051994,1,1,0
0,0,4.04305126783455,2,12.54938926299002,2,1,1
1,1,3.951243718581428,2,11.467415415338404,0,0,0
0,0,3.6635616461296463,1,11.629347574987271,1,2,0
1,1,3.6375861597263857,1,12.472187559816442,2,2,1
1,1,3.218875824868201,1,11.50644450887054,1,0,0
0,0,3.258096538021482,0,11.621860584113618,1,2,0
0,0,3.258096538021482,0,11.564112753739382,0,0,0
1,1,3.218875824868201,1,11.59470819638557,1,0,0
1,1,3.044522437723423,1,11.45799398144401,1,1,0
0,0,3.688879454113936,1,12.214531766071808,2,1,1
0,0,3.295836866004329,0,11.848454399679197,1,2,0
1,1,3.295836866004329,1,11.538037501785084,1,1,0
0,1,3.4011973816621555,1,11.809074094760168,2,2,0
1,1,2.9444389791664403,1,11.618968747489705,0,0,0
0,0,3.6635616461296463,1,11.933620670773392,2,1,0
1,1,3.4339872044851463,1,11.6137657798963,1,2,0
0,0,3.4339872044851463,0,11.83375455450805,2,2,0
0,0,3.4657359027997265,0,12.30556950349924,1,2,0
1,1,4.007333185232471,2,12.01803679320344,2,2,1
0,1,3.828641396489095,2,11.714224145026954,1,0,0
0,1,3.828641396489095,2,11.699396733123224,1,0,0
1,1,3.7612001156935615,2,11.747594343802705,0,0,0
0,1,3.6635616461296463,1,11.592798927553392,1,2,0
0,1,3.332204510175204,1,11.630841825071846,1,1,0
0,0,3.295836866004329,0,12.011024447497483,1,1,0
0,0,3.295836866004329,0,10.989318506839505,0,0,0
0,0,3.7612001156935615,1,11.783967354323712,1,0,0
0,1,3.091042453358316,1,11.60082644614469,1,0,0
0,0,3.7612001156935615,1,11.656098972637476,1,1,0
0,1,3.295836866004329,1,11.45858542871155,1,2,0
0,1,3.258096538021482,1,12.054435470867212,2,0,0
0,1,3.332204510175204,1,11.845203202681834,1,2,0
1,1,2.995732273553991,1,11.616663665386024,1,1,0
0,0,3.555348061489413,1,12.141795423584329,2,2,0
0,0,3.737669618283368,1,11.887986346900052,2,0,0
0,0,3.688879454113936,1,11.554451211798726,0,0,0
1,1,3.555348061489413,1,11.592401858472009,1,1,0
0,0,3.555348061489413,1,11.87759635595012,1,2,0
0,0,3.49650756146648,1,11.303228600374776,0,0,0
1,1,3.1354942159291497,1,12.024328921758558,1,1,0
1,1,3.4339872044851463,1,12.075565247450392,2,1,0
1,1,3.49650756146648,1,11.630014926826568,1,1,0
1,1,2.995732273553991,1,11.945577632922356,1,2,0
0,0,3.4011973816621555,0,11.629828113199304,1,1,0
0,0,3.8501476017100575,1,11.358491411663165,0,0,0
0,0,3.5263605246161616,1,11.890649318096669,2,2,0
1,1,3.218875824868201,1,11.716290708692531,1,2,0
0,1,3.044522437723423,1,11.65697385954269,1,2,0
0,0,3.367295829986474,0,11.603378412954656,1,0,0
0,0,3.828641396489095,1,11.906493415053063,1,2,1
0,0,2.995732273553991,0,11.39142427553918,1,1,0
1,1,4.007333185232471,2,11.04120836857775,0,0,0
0,0,4.30406509320417,2,11.712865893852635,0,0,1
0,0,3.367295829986474,0,12.349666367686272,2,2,0
0,0,3.58351893845611,1,11.82546355129581,2,2,0
0,1,3.49650756146648,1,11.600432552408463,1,0,0
0,0,3.218875824868201,0,11.517405414991934,1,2,0
0,1,3.218875824868201,1,11.573578321682172,1,0,0
0,1,3.1354942159291497,1,11.347425626386077,0,0,0
1,1,3.610917912644224,1,11.91481753069161,1,1,0
0,0,4.174387269895637,2,11.343737286566236,0,0,0
1,1,3.258096538021482,1,10.85284548811448,0,0,0
0,0,3.6635616461296463,1,11.843652658963146,2,1,0
1,1,3.4011973816621555,1,11.57662300758447,1,1,0
0,0,3.367295829986474,0,11.673103657078494,1,2,0
0,0,3.713572066704308,1,11.150649148307476,0,0,0
1,1,3.4011973816621555,1,12.0948449515943,2,2,0
1,1,3.713572066704308,2,11.311335458181992,0,0,0
1,1,3.5263605246161616,1,11.625360894300016,1,1,0
0,0,3.555348061489413,1,11.708903348211669,1,0,0
1,1,4.007333185232471,2,12.058957988074814,2,2,1
0,1,4.110873864173311,2,12.076760909049836,1,1,1
0,0,3.4011973816621555,0,12.301610072239235,2,2,0
1,1,3.367295829986474,1,11.463735220779457,1,1,0
0,0,3.5263605246161616,1,11.640518007483138,1,1,0
0,0,3.555348061489413,1,11.87445261787988,2,2,0
0,0,3.4339872044851463,0,11.78274647407012,1,2,0
1,1,3.367295829986474,1,11.89099196926058,2,2,0
0,0,3.58351893845611,1,11.745670771540706,1,1,0
0,0,3.555348061489413,1,11.698790735387549,1,0,0
1,1,3.295836866004329,1,11.428728306169472,1,2,0
0,0,3.4657359027997265,0,11.772439517594089,1,2,0
0,0,3.610917912644224,1,11.730195802681637,1,2,0
0,0,3.58351893845611,1,11.563998735154229,1,1,0
1,1,3.5263605246161616,1,11.996462108498548,2,0,0
0,0,3.6375861597263857,1,11.576388407880868,1,2,0
0,0,3.5263605246161616,1,11.569712143058336,1,2,0
0,0,4.143134726391533,2,11.837375726364115,1,1,1
1,1,3.367295829986474,1,11.240512884849217,0,0,0
0,0,3.4657359027997265,0,11.9512578122595,1,1,0
1,1,3.258096538021482,1,11.647185342185407,1,1,0
0,0,3.555348061489413,1,11.540919937489686,0,0,0
0,1,3.091042453358316,1,11.796569395088913,1,0,0
1,1,3.1354942159291497,1,11.40469416588738,1,2,0
0,0,3.332204510175204,0,10.978745915505929,0,0,0
0,0,3.58351893845611,1,11.779917466464164,2,2,0
0,1,3.49650756146648,1,11.61132178682642,1,0,0
1,1,3.258096538021482,1,11.676140652024449,1,2,0
0,0,3.1780538303479458,0,11.781485878214422,1,0,0
0,0,3.218875824868201,0,11.900918827166352,1,2,0
0,0,3.6635616461296463,1,11.446433036197783,0,0,0
0,0,3.784189633918261,1,11.601751028660884,1,1,0
1,1,3.1354942159291497,1,11.500265666823438,0,0,0
0,0,3.258096538021482,0,11.52554549632633,1,0,0
1,1,4.04305126783455,2,12.143319196868957,1,1,1
1,1,3.4011973816621555,1,11.854676600795852,1,0,0
0,0,3.784189633918261,1,11.800094906048995,1,2,0
0,0,3.8501476017100575,1,11.90564300025589,2,2,1
0,0,3.951243718581428,1,11.783112894679272,1,2,0
1,1,4.127134385045092,2,11.935706450843623,1,2,1
0,0,3.555348061489413,1,11.35079469542275,0,0,0
0,0,3.258096538021482,0,11.648452365244331,1,1,0
0,0,3.258096538021482,0,11.505971341002896,1,1,0
1,1,3.737669618283368,2,12.29888425195266,2,2,1
1,1,3.295836866004329,1,11.644015129000286,1,0,0
0,0,3.6375861597263857,1,11.540988002735112,1,0,0
0,0,3.6635616461296463,1,11.308149688514195,0,0,0
0,1,2.995732273553991,1,11.587838113285232,1,2,0
0,0,3.367295829986474,0,12.312052969067404,2,2,0
0,0,3.688879454113936,1,11.58175165590008,1,0,0
0,1,3.4657359027997265,1,11.290781413989102,0,0,0
0,1,3.332204510175204,1,11.772208062900312,1,0,0
1,1,3.295836866004329,1,11.683621371680443,1,1,0
0,0,3.737669618283368,1,11.892983872254362,1,1,0
0,1,3.8918202981106265,2,11.88076485391232,1,2,1
0,0,3.6375861597263857,1,11.731956571764313,1,0,0
1,1,3.1780538303479458,1,11.49094566936217,1,0,0
0,0,3.295836866004329,0,11.068277642986802,0,0,0
0,0,3.58351893845611,1,11.960005852864672,1,2,0
0,0,3.5263605246161616,1,12.232631807715425,2,2,0
0,1,3.332204510175204,1,11.502511426621355,1,2,0
0,0,3.80666248977032,1,12.309720695755692,2,2,1
0,0,3.258096538021482,0,11.385398864583088,1,2,0
0,0,3.4657359027997265,0,11.986130215156871,2,2,0
0,0,3.258096538021482,0,11.732350109715686,1,2,0
0,1,2.995732273553991,1,11.447148844370398,1,0,0
0,0,3.9889840465642745,1,11.73386659272924,1,0,0
1,1,3.610917912644224,1,11.537188717105908,1,0,0
0,0,3.688879454113936,1,11.22491000361721,0,0,0
1,1,3.1354942159291497,1,11.943804876406857,1,1,0
0,0,3.7612001156935615,1,11.68982401044993,1,2,0
0,0,3.58351893845611,1,11.466232100978043,1,2,0
0,0,3.784189633918261,1,11.90474455491111,1,2,1
1,1,3.1780538303479458,1,11.66875758752288,1,1,0
0,0,3.970291913552122,1,12.047205862349209,1,1,1
1,1,3.1354942159291497,1,11.79377927782843,1,1,0
1,1,3.258096538021482,1,11.258278346584644,0,0,0
0,0,3.4011973816621555,0,12.040047576703111,1,2,0
1,1,3.4339872044851463,1,11.695496990519391,1,0,0
0,0,3.737669618283368,1,11.263604762182885,0,0,0
0,1,3.4339872044851463,1,11.607253344293552,1,1,0
0,0,3.713572066704308,1,11.142759930848998,0,0,0
0,0,3.4657359027997265,0,11.6643409790683,1,0,0
1,1,3.332204510175204,1,11.82910752689191,1,1,0
0,1,3.713572066704308,1,11.610043101249616,1,0,0
0,1,3.258096538021482,1,11.60723514444097,1,1,0
0,0,3.218875824868201,0,11.60596944251322,1,2,0
0,1,3.49650756146648,1,11.772601504010725,1,1,0
1,1,4.31748811353631,3,12.044218201095644,2,1,1
1,1,3.610917912644224,1,11.851431346618632,1,1,0
0,0,3.737669618283368,1,12.196168763598235,2,2,1
1,1,3.80666248977032,2,11.6974279750889,0,0,0
0,1,3.1354942159291497,1,11.563019540582294,1,1,0
0,0,4.0943445622221,2,11.754859366695326,1,0,0
0,0,3.4339872044851463,0,11.889229491735405,1,0,0
0,0,3.5263605246161616,1,11.5387588900012,0,1,0
0,0,4.110873864173311,2,11.415411859405353,0,0,0
0,0,3.7612001156935615,1,11.581508919324088,1,1,0
1,1,3.610917912644224,1,11.661526488186496,1,2,0
0,0,3.4657359027997265,0,11.517176416857769,1,2,0
1,1,3.1780538303479458,1,11.038897749940894,0,0,0
0,0,3.555348061489413,1,12.06079828767173,1,1,0
1,1,3.1354942159291497,1,11.46166374903144,1,1,0
0,0,3.80666248977032,1,11.60548641455656,0,0,0
0,1,3.5263605246161616,1,11.966393125575864,1,0,0
0,0,3.295836866004329,0,11.72149127546508,1,2,0
1,1,4.204692619390966,3,12.049722882824971,2,0,1
0,0,3.091042453358316,0,11.506182784102837,1,0,0
1,1,3.332204510175204,1,11.80409395280678,1,2,0
1,1,3.367295829986474,1,11.83686231808118,1,2,0
0,0,3.295836866004329,0,11.658219900927106,1,0,0
0,0,3.4339872044851463,0,11.317372761327132,0,0,0
0,0,3.8918202981106265,1,11.756208841624929,1,1,0
0,0,3.1780538303479458,0,11.066435216709133,0,0,0
1,1,3.367295829986474,1,11.65080738033201,1,0,0
0,0,3.610917912644224,1,12.289724218025784,1,1,0
0,0,3.610917912644224,1,12.06537851880616,2,2,0
1,1,3.1354942159291497,1,11.718719377949324,1,0,0
0,1,3.58351893845611,1,11.56126790988073,1,0,0
0,0,3.5263605246161616,1,11.934073615413578,1,1,0
0,0,3.713572066704308,1,11.848718899829072,1,0,0
1,1,3.4339872044851463,1,11.962088428344112,1,1,0
1,1,3.1354942159291497,1,11.367760954972608,0,0,0
0,0,3.6375861597263857,1,11.901393606233446,1,0,0
1,1,3.258096538021482,1,12.043500773454497,2,0,0
1,1,3.091042453358316,1,11.041016020812398,0,0,0
0,0,3.295836866004329,0,11.169392358978431,0,0,0
1,1,3.1780538303479458,1,11.635178495298064,1,1,0
1,1,3.295836866004329,1,11.742130607663034,1,0,0
1,1,3.49650756146648,1,11.625521739272616,1,2,0
0,1,3.295836866004329,1,11.70084797377383,1,1,0
0,1,3.295836866004329,1,11.060321578404364,0,0,0
0,0,3.4011973816621555,0,11.5431539458396,1,1,0
0,0,3.8918202981106265,1,11.590617720185652,0,0,0
1,1,3.258096538021482,1,11.524448815404872,1,1,0
0,0,3.49650756146648,1,11.387486950771708,0,0,0
1,1,3.951243718581428,2,11.976986471760286,2,1,1
1,1,2.995732273553991,1,11.538817358136082,1,2,0
0,0,3.58351893845611,1,11.65779607498348,1,0,0
0,0,3.044522437723423,0,10.987442951860604,0,0,0
0,1,3.8501476017100575,2,11.317397080688991,0,0,0
0,0,4.0943445622221,2,11.770856841770104,1,1,1
1,1,4.060443010546419,2,11.37432984217988,0,0,0
1,1,3.737669618283368,2,11.763388419739318,1,2,0
1,1,3.58351893845611,1,11.706870868999076,0,0,0
1,1,2.995732273553991,1,11.386693083918184,0,0,0
0,0,3.688879454113936,1,11.812629977399228,2,2,0
1,1,3.4657359027997265,1,11.451666892249376,0,0,0
1,1,3.1354942159291497,1,11.505749781221132,1,1,0
0,0,3.58351893845611,1,11.593878527375894,0,0,0
0,0,3.4339872044851463,0,11.620604291268087,1,0,0
0,0,3.4657359027997265,0,11.716780176976602,1,2,0
1,1,3.80666248977032,2,11.808203614043638,1,0,0
1,1,3.4011973816621555,1,11.597615817131144,1,2,0
1,1,3.5263605246161616,1,11.416987087891307,0,0,0
1,1,3.332204510175204,1,11.92886881736602,2,2,0
1,1,3.1354942159291497,1,11.65859168189188,1,1,0
0,0,3.091042453358316,0,11.78827429468812,1,1,0
0,0,4.30406509320417,2,12.16775272653998,2,1,1
1,1,3.912023005428146,2,11.951967183077356,1,2,1
0,0,3.49650756146648,1,11.57133587251665,1,2,0
0,0,3.80666248977032,1,11.593380395360612,1,0,0
1,1,3.091042453358316,1,11.564160257646588,1,1,0
1,1,3.871201010907891,2,11.685095670707808,0,0,0
1,1,3.367295829986474,1,12.00122936805393,1,2,0
1,1,3.091042453358316,1,11.691163696326546,1,2,0
1,1,3.091042453358316,1,11.532728092266408,1,0,0
0,0,3.871201010907891,1,12.44685570196406,2,1,1
0,0,3.295836866004329,0,12.24743529387081,2,2,0
0,0,3.610917912644224,1,11.734507798217484,1,0,0
1,1,3.044522437723423,1,11.844952120336265,1,0,0
0,1,3.8918202981106265,2,11.268251795105655,0,0,0
0,0,3.295836866004329,0,11.740841609322574,1,1,0
0,0,3.4657359027997265,0,11.515073157027688,1,2,0
0,1,3.6375861597263857,1,11.782578486409182,1,2,0
1,1,3.091042453358316,1,11.537422936570616,1,2,0
0,0,4.174387269895637,2,11.82636299962172,1,1,1
0,0,3.555348061489413,1,11.579826817421988,1,1,0
0,0,3.713572066704308,1,11.783105262285869,1,2,0
0,0,3.367295829986474,0,11.690477331521834,1,1,0
0,0,3.58351893845611,1,11.94808528841343,1,1,0
0,0,4.158883083359672,2,11.677100023158134,0,0,0
1,1,3.332204510175204,1,11.732590974904603,1,2,0
0,0,3.784189633918261,1,11.608317459609449,1,2,0
0,0,3.1354942159291497,0,11.524952845182948,1,1,0
1,1,2.9444389791664403,1,11.525426994193154,1,0,0
1,1,3.218875824868201,1,11.277772589530288,0,0,0
0,0,3.8501476017100575,1,11.616077543825671,1,0,0
1,1,3.332204510175204,1,11.772516657255483,1,2,0
0,0,3.044522437723423,0,12.332797803197876,1,1,0
1,1,3.5263605246161616,1,11.594956962919465,1,1,0
0,0,3.258096538021482,0,11.717440579356854,1,0,0
1,1,3.295836866004329,1,10.486596627887137,0,0,0
0,0,3.6375861597263857,1,11.312887902370496,0,0,0
0,0,3.688879454113936,1,12.09954478212034,2,2,0
0,1,3.49650756146648,1,11.582059659803898,1,1,0
0,1,3.4657359027997265,1,11.825090371912934,2,1,0
0,0,3.295836866004329,0,11.971280259220965,1,2,0
0,1,3.4657359027997265,1,11.794994312712054,1,2,0
1,1,3.258096538021482,1,11.760878695193012,1,2,0
0,0,3.6375861597263857,1,11.673384774907047,1,1,0
0,0,3.688879454113936,1,11.13422399413128,0,0,0
0,0,3.912023005428146,1,12.214318554384024,2,2,1
0,0,3.610917912644224,1,11.373284015335528,0,0,0
0,0,3.80666248977032,1,11.67849074961274,1,1,0
0,0,3.737669618283368,1,12.317748179420764,2,2,1
0,0,3.555348061489413,1,11.612245775260778,1,0,0
0,0,3.091042453358316,0,11.658678122775015,1,2,0
0,0,3.713572066704308,1,11.292677716768043,0,0,0
0,0,3.610917912644224,1,12.142317817225138,1,1,0
1,1,3.332204510175204,1,11.841883828733849,1,1,0
0,0,3.713572066704308,1,12.00010572758658,1,2,0
0,1,3.1354942159291497,1,11.625021247707965,1,1,0
0,1,3.1354942159291497,1,11.408131455484142,1,1,0
0,0,3.912023005428146,1,11.706846157607536,1,1,0
0,0,3.555348061489413,1,11.827736204810265,2,2,0
1,1,3.912023005428146,2,11.562010823660708,0,0,0
0,0,3.295836866004329,0,12.056138895277622,2,2,0
0,0,3.5263605246161616,1,12.044635483651945,1,1,0
1,1,3.295836866004329,1,11.722205358345263,1,1,0
0,0,3.7612001156935615,1,11.8550602107119,1,0,0
0,0,3.8501476017100575,1,11.880730241895716,1,0,1
0,0,3.295836866004329,0,11.559551384088058,0,0,0
0,0,3.4339872044851463,0,11.940497732442012,1,1,0
0,0,3.737669618283368,1,12.315007764673563,2,1,1
0,1,3.1780538303479458,1,11.7689388359076,1,2,0
0,0,3.713572066704308,1,11.648111737525296,0,1,0
1,1,3.258096538021482,1,11.99116384539262,2,1,0
0,0,3.49650756146648,1,11.81868072892938,1,2,0
0,1,3.1780538303479458,1,11.97301132533265,1,0,0
0,0,4.158883083359672,2,11.551578709451308,0,0,0
1,1,3.258096538021482,1,11.5305983750474,1,2,0
1,1,4.02535169073515,2,11.748242616416126,1,1,0
0,0,3.610917912644224,1,11.620828745060727,1,1,0
0,1,3.49650756146648,1,11.54807057643815,1,2,0
0,1,3.8501476017100575,2,11.91535262986494,1,1,1
0,0,3.4339872044851463,0,12.05441801464596,0,0,0
0,0,3.5263605246161616,1,11.91693618263182,1,1,0
0,0,3.295836866004329,0,11.630441798398069,1,1,0
0,0,3.4011973816621555,0,11.804900808132096,1,2,0
0,0,3.555348061489413,1,11.758605159022729,1,1,0
0,0,3.4339872044851463,0,11.98467132564901,1,2,0
0,1,3.218875824868201,1,11.433514224545942,1,2,0
1,1,3.218875824868201,1,11.559751797321727,0,0,0
0,0,3.367295829986474,0,11.8013772411241,1,1,0
0,0,3.784189633918261,1,11.611629877842567,0,0,0
0,0,3.332204510175204,0,11.554671832126427,1,1,0
0,0,3.912023005428146,1,11.840443445919208,1,0,1
0,0,3.367295829986474,0,11.539791324104788,1,0,0
1,1,3.6375861597263857,1,10.742832443158637,0,0,0
0,0,3.1780538303479458,0,11.47652078307643,1,1,0
0,0,3.688879454113936,1,11.971596370798336,2,1,0
1,1,3.367295829986474,1,11.492804386974006,0,0,0
0,0,3.828641396489095,1,11.96700929398084,1,0,1
1,1,3.8501476017100575,2,11.913753170261646,1,0,1
0,0,3.713572066704308,1,11.843925614135546,1,1,0
1,1,3.4657359027997265,1,11.743163788760304,1,2,0
1,1,3.555348061489413,1,12.061763379733772,1,1,0
0,0,3.1780538303479458,0,12.011401141104225,1,1,0
1,1,3.218875824868201,1,11.732374198845466,1,1,0
1,1,3.218875824868201,1,11.586306029770215,1,1,0
0,0,3.610917912644224,1,11.394693578595431,0,0,0
0,0,3.4657359027997265,0,11.908784582933158,2,2,0
1,1,3.555348061489413,1,11.576041099284303,1,2,0
0,0,3.828641396489095,1,11.921485777985696,2,1,1
0,0,3.218875824868201,0,11.016462864040005,0,0,0
0,0,3.295836866004329,0,12.449794993431468,2,2,0
0,0,4.143134726391533,2,12.11821363667486,1,1,1
0,0,3.688879454113936,1,11.707241466612553,1,2,0
0,0,3.4657359027997265,0,11.775097403251916,2,2,0
0,0,3.4339872044851463,0,11.797728396671166,1,2,0
0,1,3.4339872044851463,1,12.039510258145905,1,1,0
0,0,3.5263605246161616,1,11.90468372868823,2,1,0
1,1,3.1780538303479458,1,11.848654568393496,1,2,0
1,1,3.1780538303479458,1,11.127674664112304,0,0,0
1,1,4.189654742026425,3,11.800567536621989,0,0,1
1,1,3.044522437723423,1,11.59467133682051,1,2,0
1,1,3.713572066704308,2,11.632484700027868,0,0,0
0,1,3.8501476017100575,2,11.609961427481824,0,0,0
1,1,3.218875824868201,1,11.562705615132254,1,1,0
1,1,4.07753744390572,2,12.126775076838284,1,1,1
0,1,3.58351893845611,1,11.998562503171584,1,2,0
0,0,3.49650756146648,1,11.962688120860186,1,1,0
0,0,3.044522437723423,0,11.094785367495795,0,0,0
1,1,3.784189633918261,2,11.390644830261396,0,0,0
1,1,3.332204510175204,1,11.950657678663369,1,2,0
1,1,3.610917912644224,1,11.76801719470154,1,0,0
1,1,3.367295829986474,1,11.258446033346166,0,0,0
1,1,3.1354942159291497,1,12.369113688702878,2,2,0
0,0,3.555348061489413,1,11.639276137825522,0,0,0
0,0,3.80666248977032,1,12.158996761143154,2,2,1
1,1,3.258096538021482,1,11.707035596005618,0,0,0
0,0,3.4657359027997265,0,11.706409488970294,1,1,0
0,0,3.1354942159291497,0,11.118518984218795,0,0,0
0,0,3.713572066704308,1,11.720289166756922,1,1,0
0,0,3.091042453358316,0,11.762804419006343,1,2,0
0,0,3.4011973816621555,0,12.42941617684705,2,1,0
0,0,3.332204510175204,0,11.150347417664442,0,0,0
1,1,3.1354942159291497,1,11.604108959892825,1,1,0
1,1,3.610917912644224,1,11.275175761266656,0,0,0
0,0,3.258096538021482,0,11.783883466504555,1,0,0
0,0,3.49650756146648,1,11.656185629252027,1,1,0
1,1,3.8918202981106265,2,11.610877606264255,1,2,0
1,1,3.1354942159291497,1,11.07923062102036,0,0,0
1,1,3.1354942159291497,1,11.36227697863114,0,0,0
1,1,3.218875824868201,1,11.86666209629342,1,2,0
0,0,4.007333185232471,1,11.978563328112529,1,1,1
1,1,3.4657359027997265,1,11.56130602145236,1,1,0
0,0,4.30406509320417,2,11.402016250381983,0,0,0
0,0,3.6635616461296463,1,11.706129261489684,1,1,0
0,0,3.4339872044851463,0,11.493763032705472,1,0,0
0,0,3.555348061489413,1,11.456926378850126,1,1,0
1,1,4.07753744390572,2,11.998993124010443,1,1,1
1,1,3.1780538303479458,1,11.577110798744483,1,2,0
0,0,3.1780538303479458,0,11.161948542146131,0,0,0
0,0,3.4011973816621555,0,12.370145367267332,2,2,0
0,1,3.295836866004329,1,11.709700399984166,1,2,0
0,1,3.688879454113936,1,11.351112168807624,0,0,0
0,1,3.4339872044851463,1,11.380878684049897,0,0,0
1,1,3.4339872044851463,1,11.692518302192925,1,0,0
0,0,3.332204510175204,0,11.744513263067102,1,2,0
0,0,4.143134726391533,2,11.473612747584689,0,0,0
1,1,3.258096538021482,1,11.651208052770237,1,0,0
1,1,3.218875824868201,1,12.177986907796171,2,2,0
0,0,3.58351893845611,1,11.919443352045423,2,2,0
0,0,3.951243718581428,1,11.822782348863244,1,2,1
0,0,4.189654742026425,2,11.624985488723516,0,0,0
1,1,3.218875824868201,1,11.514903507353855,1,0,0
0,0,3.610917912644224,1,11.723607695533142,1,2,0
1,1,3.218875824868201,1,11.701253944027584,1,1,0
0,0,3.6375861597263857,1,12.281360992196293,2,1,0
1,1,4.204692619390966,3,12.024023051750923,1,1,1
0,0,3.218875824868201,0,11.822613617684624,1,1,0
0,0,4.0943445622221,2,12.02567723252968,1,2,1
0,0,3.4339872044851463,0,11.254996350667795,0,0,0
1,1,3.1354942159291497,1,11.361718780665695,0,0,0
0,1,4.0943445622221,2,12.264435888827087,2,0,1
0,0,3.555348061489413,1,11.744465665551685,0,0,0
0,0,3.688879454113936,1,11.88165051389064,1,0,0
0,0,3.6375861597263857,1,11.667558885402348,1,1,0
0,0,3.912023005428146,1,12.035503754803088,1,1,1
0,0,3.295836866004329,0,11.843084960963228,1,1,0
1,1,3.6635616461296463,2,11.68359607902332,1,2,0
0,0,3.713572066704308,1,12.118944898133408,2,2,1
0,1,3.295836866004329,1,11.475462406237018,1,0,0
0,1,3.9318256327243257,2,11.915118559207974,1,2,1
0,0,3.4657359027997265,0,11.863032889890558,1,2,0
1,1,3.091042453358316,1,11.697186805832652,1,0,0
0,0,3.9318256327243257,1,12.059832263307168,1,1,1
1,1,3.091042453358316,1,11.108260037032627,0,0,0
0,1,3.9889840465642745,2,11.635355464523576,1,1,0
0,0,3.555348061489413,1,10.854971667978388,0,0,0
0,0,3.9889840465642745,1,11.681891566717024,1,2,0
1,1,3.871201010907891,2,11.528956282042756,0,0,0
1,1,3.1780538303479458,1,11.753908934412769,1,0,0
0,0,3.555348061489413,1,11.485451487969474,1,0,0
1,1,3.1780538303479458,1,11.580303700300176,0,0,0
0,0,3.1780538303479458,0,12.032593875796056,1,2,0
0,1,3.258096538021482,1,11.134121761815557,0,0,0
0,0,4.174387269895637,2,11.701725987861892,1,2,0
0,0,4.007333185232471,1,12.354458167295284,2,2,1
1,1,3.258096538021482,1,10.894941413975292,0,0,0
0,1,3.258096538021482,1,11.527922445976136,1,2,0
0,1,3.332204510175204,1,11.142528228122558,0,0,0
0,0,3.1780538303479458,0,12.05282822159563,1,1,0
0,0,3.9889840465642745,1,11.793333646705427,1,2,0
0,0,3.828641396489095,1,11.808821212646512,1,2,0
1,1,3.9889840465642745,2,12.15750195727414,1,0,1
0,1,4.127134385045092,2,11.93404736335443,1,1,1
1,1,3.1780538303479458,1,11.524429044353644,1,1,0
0,1,3.7612001156935615,2,12.541090253263013,2,2,1
0,1,3.258096538021482,1,11.479534127940502,1,2,0
0,1,3.295836866004329,1,11.463430552524056,1,0,0
0,1,3.1780538303479458,1,11.7688227094225,1,2,0
0,0,3.713572066704308,1,11.68470835120648,1,0,0
0,0,3.8501476017100575,1,11.218702044475023,0,0,0
0,1,3.555348061489413,1,11.965732069387442,2,1,0
0,1,3.4011973816621555,1,11.536388053097896,1,0,0
1,1,3.49650756146648,1,11.78670129224744,1,0,0
0,0,3.58351893845611,1,11.765254933479014,1,2,0
0,0,3.8501476017100575,1,12.086776590837545,1,2,1
0,0,3.6375861597263857,1,12.004268530212563,1,1,0
0,0,3.784189633918261,1,11.883799128308771,1,1,1
1,1,3.1354942159291497,1,11.483651122266233,1,2,0
0,0,3.367295829986474,0,12.188763706407537,1,2,0
1,1,3.737669618283368,2,11.972910323520844,1,0,1
1,1,3.218875824868201,1,11.486335052696695,0,0,0
0,0,3.871201010907891,1,11.596144660720972,1,1,0
1,1,3.044522437723423,1,11.43335181393909,1,0,0
1,1,3.1354942159291497,1,11.022082190911467,0,0,0
0,0,4.143134726391533,2,11.839664775675535,1,0,1
0,1,3.828641396489095,2,11.734660024121018,1,2,0
0,0,3.367295829986474,0,11.796991005647468,1,0,0
0,0,3.332204510175204,0,11.303055922886555,0,0,0
1,1,3.1354942159291497,1,11.553049616054382,1,2,0
0,0,3.912023005428146,1,11.651408328803525,1,0,0
0,0,3.8501476017100575,1,11.77793238838279,1,2,0
0,0,3.555348061489413,1,11.813696501963728,1,0,0
0,0,4.219507705176107,2,12.095984304632118,1,2,1
0,1,3.332204510175204,1,11.486478814955245,1,1,0
0,0,4.07753744390572,2,11.696579466997962,1,0,0
0,0,4.04305126783455,2,11.31784688223684,0,0,0
0,1,3.49650756146648,1,11.61587908638061,1,2,0
0,0,3.7612001156935615,1,11.798893569417674,1,0,0
0,0,3.555348061489413,1,11.53313977222047,1,0,0
0,0,3.4657359027997265,0,11.147209776379349,0,0,0
0,0,3.80666248977032,1,12.207561536581592,1,1,1
0,1,3.49650756146648,1,11.670262491570014,1,2,0
1,1,3.688879454113936,2,11.586036511787553,1,2,0
0,0,3.332204510175204,0,11.64770982230652,1,0,0
1,1,3.367295829986474,1,11.761611998915017,1,2,0
0,0,3.258096538021482,0,11.764306557695678,1,2,0
0,0,3.295836866004329,0,12.088172728043377,1,1,0
0,1,3.332204510175204,1,11.57328652264492,1,0,0
1,1,3.555348061489413,1,11.682060459960008,1,2,0
0,0,3.4657359027997265,0,11.845654992098282,0,0,0
0,0,3.218875824868201,0,11.172672088842356,0,0,0
1,1,2.995732273553991,1,11.785773048463554,1,2,0
1,1,3.295836866004329,1,11.62238058627707,1,2,0
0,0,3.737669618283368,1,11.73991760097262,1,2,0
0,0,3.610917912644224,1,11.9869335656072,1,2,0
1,1,3.1780538303479458,1,11.434942301645144,1,0,0
1,1,3.688879454113936,2,12.204626600510853,1,2,1
0,0,3.828641396489095,1,11.756561601583275,1,2,0
0,0,3.258096538021482,0,11.58532054238558,1,2,0
1,1,3.1780538303479458,1,11.457719261973123,1,2,0
0,0,3.367295829986474,0,11.38051344561362,0,2,0
1,1,3.688879454113936,2,11.99036388751828,1,1,0
0,0,3.58351893845611,1,11.83022944446852,2,2,0
0,0,3.332204510175204,0,11.668629223859892,1,1,0
0,0,3.295836866004329,0,11.737587862253708,2,1,0
0,0,3.58351893845611,1,11.94107140730145,1,0,0
0,0,3.6375861597263857,1,12.18243547576402,2,2,0
0,1,3.871201010907891,2,12.156950676319536,1,0,1
0,0,3.58351893845611,1,11.683983829485472,1,1,0
1,1,4.174387269895637,3,11.148894963697073,0,0,0
0,1,3.7612001156935615,2,11.886645315618107,1,1,1
1,1,3.970291913552122,2,11.669971947909511,1,1,0
0,0,3.5263605246161616,1,11.721913295160189,1,1,0
0,0,3.1354942159291497,0,12.379181058015511,1,1,0
0,0,3.5263605246161616,1,12.104134046210534,2,2,0
0,0,3.688879454113936,1,12.025862857382387,1,0,0
0,0,3.7612001156935615,1,11.90324309374818,2,2,1
0,0,3.828641396489095,1,11.6461793190845,1,1,0
0,0,3.6375861597263857,1,11.30411618533917,0,0,0
0,0,3.5263605246161616,1,11.930338906594232,1,2,0
0,0,3.367295829986474,0,11.454830141779516,1,2,0
0,0,3.4339872044851463,0,12.209172834972955,2,2,0
1,1,3.332204510175204,1,11.880674860177209,2,1,0
1,1,3.555348061489413,1,11.923689840458902,1,0,0
1,1,3.49650756146648,1,11.343370072825948,0,0,0
0,0,3.737669618283368,1,11.800904993177658,1,2,0
0,0,3.7612001156935615,1,11.691088386615323,1,2,0
0,1,3.784189633918261,2,11.787666664351708,1,0,0
0,0,3.737669618283368,1,12.1760463340232,1,2,1
0,1,3.688879454113936,1,11.592457272925955,1,1,0
0,0,3.58351893845611,1,11.782853360617786,2,1,0
0,0,2.995732273553991,0,11.66635016705369,2,2,0
0,0,3.1780538303479458,0,11.353577971736096,0,0,0
0,1,3.295836866004329,1,11.769325826825884,1,0,0
1,1,3.828641396489095,2,11.592577327042804,0,0,0
1,1,3.49650756146648,1,11.54336737230529,0,0,0
1,1,3.5263605246161616,1,11.827553706406617,1,1,0
1,1,3.218875824868201,1,11.62179780694117,0,0,0
1,1,3.218875824868201,1,11.734067013613766,1,1,0
0,1,3.332204510175204,1,11.894528115813715,1,2,0
0,0,3.4339872044851463,0,11.653339368685442,1,0,0
1,1,3.4657359027997265,1,12.639447948482252,2,1,0
0,0,3.4657359027997265,0,11.746953564086375,1,0,0
0,0,4.219507705176107,2,12.568097751792235,2,2,1
0,1,3.49650756146648,1,11.740339883135084,1,2,0
0,0,3.6635616461296463,1,11.939649655568468,2,2,0
1,1,3.332204510175204,1,11.57939649261367,1,1,0
0,0,3.610917912644224,1,12.50211715513558,2,1,1
1,1,3.091042453358316,1,11.490240086536843,1,2,0
0,0,3.4011973816621555,0,11.627601456538116,1,1,0
0,1,4.007333185232471,2,12.060520723526608,1,0,1
0,0,3.828641396489095,1,11.546234507813882,1,1,0
1,1,3.044522437723423,1,11.450156044717149,1,2,0
0,0,3.6635616461296463,1,12.154584595336836,1,2,0
0,0,4.060443010546419,2,11.729575982087772,1,0,0
0,0,3.7612001156935615,1,11.254219500754964,0,0,0
0,0,3.1780538303479458,0,11.096151653839016,0,0,0
1,1,3.091042453358316,1,11.605285843841036,1,0,0
0,0,3.4011973816621555,0,11.468785471976028,1,2,0
0,0,3.737669618283368,1,11.740188519467653,1,2,0
1,1,3.1354942159291497,1,11.5111438788878,1,0,0
0,0,3.4011973816621555,0,11.950238016517511,2,1,0
1,1,3.332204510175204,1,11.34547675699898,0,0,0
0,1,3.4011973816621555,1,11.889991098556695,2,0,0
0,0,3.737669618283368,1,12.000701475682607,1,1,1
0,0,3.828641396489095,1,12.167222663647562,2,2,1
0,0,3.80666248977032,1,11.981409189746136,2,2,1
0,0,3.4339872044851463,0,11.150103092826168,0,0,0
0,0,3.4339872044851463,0,11.447298351531002,1,2,0
0,0,3.737669618283368,1,11.257671859737783,0,0,0
1,1,3.828641396489095,2,11.707677772181546,1,0,0
1,1,3.4011973816621555,1,12.241738972406983,1,0,0
0,0,3.4011973816621555,0,11.871173171469277,1,2,0
0,0,3.6375861597263857,1,11.903344614873122,2,1,0
0,1,3.7612001156935615,2,11.315474026579473,0,0,0
0,0,3.4339872044851463,0,11.798036735741295,1,1,0
0,1,3.688879454113936,1,11.270038284619408,0,0,0
0,0,3.1780538303479458,0,11.510292000444426,1,2,0
1,1,3.332204510175204,1,12.013185468631436,1,0,0
1,1,3.258096538021482,1,12.315756302929907,2,1,0
1,1,3.367295829986474,1,11.593583367987684,1,2,0
1,1,4.04305126783455,2,12.180149526176788,2,1,1
0,0,3.8918202981106265,1,11.713299752871634,0,0,0
0,0,3.610917912644224,1,11.284693992107073,0,0,0
0,0,3.80666248977032,1,11.555553827025852,0,0,0
0,0,3.4011973816621555,0,11.819630449054214,1,2,0
0,1,3.4011973816621555,1,11.54924775096958,1,1,0
0,1,3.8501476017100575,2,11.791655083523985,1,1,0
0,0,3.367295829986474,0,11.672251301969869,1,2,0
0,0,3.555348061489413,1,11.83451608907319,1,0,0
0,1,3.091042453358316,1,11.06620076661076,0,0,0
1,1,3.258096538021482,1,11.637785620851815,1,2,0
0,0,3.1354942159291497,0,11.594874047617395,0,0,0
1,1,3.9889840465642745,2,12.069244395667884,2,2,1
0,1,3.367295829986474,1,11.951122329699446,1,2,0
0,0,3.688879454113936,1,11.510151621420832,0,0,0
0,0,3.091042453358316,0,11.6490634574597,1,2,0
0,0,3.7612001156935615,1,11.815065022510936,0,0,0
1,1,3.367295829986474,1,10.637776676427247,0,0,0
0,0,3.58351893845611,1,11.975205594632625,1,1,0
1,1,3.49650756146648,1,11.700201395229314,1,0,0
1,1,4.04305126783455,2,11.846830122465173,0,0,1
1,1,4.158883083359672,3,11.808404561474234,1,0,1
0,0,3.737669618283368,1,11.742480419245364,1,2,0
0,0,3.8501476017100575,1,11.427999185380628,0,0,0
0,1,3.218875824868201,1,11.675392893141831,1,2,0
0,0,3.8918202981106265,1,12.147351835313827,1,1,1
0,0,3.49650756146648,1,12.00044356646522,2,2,0
1,1,3.332204510175204,1,12.095090804229237,2,2,0
0,0,3.258096538021482,0,11.981296512279004,1,1,0
0,0,3.4011973816621555,0,11.203692838488005,0,0,0
1,1,3.218875824868201,1,11.520834109038269,1,2,0
0,1,3.49650756146648,1,12.030307548105466,1,1,0
1,1,4.158883083359672,3,11.885688301978194,1,0,1
0,0,3.367295829986474,0,12.079896990158428,2,1,0
0,0,3.871201010907891,1,11.45130534781269,0,0,0
0,0,3.610917912644224,1,11.448280271476698,0,0,0
0,0,3.5263605246161616,1,11.35843306009495,0,0,0
0,1,3.1354942159291497,1,11.156207662970246,0,0,0
0,0,3.4011973816621555,0,11.931227821879885,2,2,0
0,0,3.912023005428146,1,11.71855656453314,1,1,0
1,1,3.4339872044851463,1,11.270713766563205,0,0,0
0,1,3.688879454113936,1,11.995345441355964,2,1,0
0,0,3.6375861597263857,1,11.493049234965437,1,2,0
0,0,3.1354942159291497,0,11.472728275218817,1,0,0
0,0,3.295836866004329,0,11.90475131315194,1,1,0
1,1,4.143134726391533,2,11.81194057526146,1,1,1
0,0,4.189654742026425,2,11.96766316054553,2,2,1
0,1,3.7612001156935615,2,12.224590133663169,2,1,1
0,1,3.784189633918261,2,12.544578527178578,2,2,1
0,1,4.174387269895637,3,11.148894963697073,0,2,0
1,1,4.290459441148391,3,12.27431990578481,2,1,1
0,0,4.0943445622221,2,11.825331856826788,1,1,1
0,1,4.127134385045092,2,12.06874548666255,1,1,1
1,1,4.060443010546419,2,11.749656289792954,1,1,0
1,1,3.7612001156935615,2,12.026581080529272,2,2,1
0,0,4.158883083359672,2,11.712546518842244,1,2,0
0,1,3.610917912644224,3,12.044218201095644,2,2,0
1,1,3.828641396489095,2,12.168879475521404,2,1,1
0,1,4.04305126783455,2,11.87893569917829,1,2,1
0,1,3.9318256327243257,2,11.802777680956217,1,1,0
1,1,3.4657359027997265,3,12.049722882824971,2,2,0
0,0,4.158883083359672,2,11.779067201183809,1,2,1
0,0,4.219507705176107,2,11.818238691127952,1,1,1
1,1,4.007333185232471,2,12.054109571148327,2,2,1
0,0,4.290459441148391,2,12.166120064627014,2,1,1
1,1,3.5263605246161616,3,11.808404561474234,1,2,0
0,1,3.784189633918261,2,11.896254024305131,1,1,1
0,0,4.060443010546419,2,12.498264533459784,1,1,1
1,1,4.174387269895637,2,11.864940568697984,0,1,1
1,1,4.02535169073515,2,12.12141304639638,1,1,1
1,1,3.737669618283368,2,12.295291584061804,2,2,1
1,1,4.174387269895637,3,11.885688301978194,1,2,1
0,0,4.276666119016055,2,12.323682332829266,2,2,1
1,1,3.80666248977032,2,12.478516706955643,2,2,1
0,0,4.219507705176107,2,12.56760676453237,2,2,1
0,0,4.0943445622221,2,12.021536638650492,2,1,1
1,1,3.4011973816621555,3,11.800567536621989,0,2,0
0,0,4.143134726391533,2,11.773734674812925,1,1,1
0,0,4.04305126783455,2,12.546408836028842,2,1,1
1,1,3.828641396489095,2,11.987157641295926,1,2,1
1,1,4.248495242049359,3,12.028929656776649,1,1,1
0,0,4.174387269895637,2,12.092853554217529,1,2,1
0,0,4.143134726391533,2,12.517457816774742,2,2,1
0,1,3.9889840465642745,2,11.91444948384513,1,2,1
0,1,3.8918202981106265,2,11.733329266595444,1,2,0
1,1,4.158883083359672,2,11.942400025538744,1,2,1
1,1,4.110873864173311,2,12.639571121151045,2,2,1
1,1,4.04305126783455,2,11.95158031592271,1,2,1
1,1,3.737669618283368,2,12.204341147352023,1,2,1
0,0,4.127134385045092,2,11.73385055732306,1,2,0
1,1,3.713572066704308,2,11.757846163520703,1,2,0
1,1,3.9318256327243257,2,11.967783730014316,2,1,1
1,1,3.6375861597263857,2,11.816977810335333,1,2,0
1,1,4.02535169073515,2,12.02133216549891,2,2,1
1,1,3.7612001156935615,2,11.899948220189344,1,1,1
1,1,3.871201010907891,2,11.98987988142773,1,1,1
0,0,4.110873864173311,2,11.84495929499251,1,1,1
0,1,3.871201010907891,2,12.272646593779816,2,2,1
0,0,4.219507705176107,2,11.743267048183812,1,2,1
1,1,4.127134385045092,2,12.007255786207022,1,1,1
1,1,4.02535169073515,2,12.063229461000232,2,2,1
1,1,3.970291913552122,2,11.75073691476747,1,1,0
0,1,3.49650756146648,3,12.024023051750923,1,2,0
1,1,4.0943445622221,2,12.1503802154343,1,1,1
1,1,3.8501476017100575,2,11.993584621903938,1,1,1
0,1,3.218875824868201,3,12.275430783632483,2,2,0
0,0,4.158883083359672,2,12.126379876620923,1,1,1
0,0,4.290459441148391,2,12.277146017940064,2,1,1
0,1,4.189654742026425,2,11.935096908538576,1,1,1
1,1,4.330733340286331,3,12.045704342952058,2,1,1
1,1,4.0943445622221,2,12.178351952929573,2,1,1
1,1,4.04305126783455,2,11.743108183115524,1,2,0
0,1,3.4011973816621555,3,11.784798226215246,1,2,0
0,1,3.7612001156935615,2,11.98217881282526,2,1,1
0,0,4.04305126783455,2,12.0168412708352,1,2,1
0,1,3.9318256327243257,2,11.91607455985572,1,1,1
1,1,4.110873864173311,2,11.806355983401655,1,1,1
0,0,4.158883083359672,2,11.97903401824708,2,2,1
0,1,3.713572066704308,2,12.233084517776971,2,1,1
0,1,3.7612001156935615,2,12.544564270385216,2,2,1
0,1,4.204692619390966,3,11.181960038002089,0,2,0
1,1,4.262679877041316,3,12.26232064506876,2,1,1
0,0,4.07753744390572,2,11.821314167749,1,1,1
0,1,4.0943445622221,2,12.080350679797132,1,1,1
1,1,4.0943445622221,2,11.761900492318704,1,1,0
1,1,3.80666248977032,2,12.037772330098472,2,2,1
0,0,4.143134726391533,2,11.713962456973974,1,2,0
0,1,3.6375861597263857,3,12.039569318263212,2,2,0
1,1,3.828641396489095,2,12.168168265630008,2,1,1
0,1,4.007333185232471,2,11.889860774564209,1,2,1
0,1,3.912023005428146,2,11.815811371164282,1,1,0
1,1,3.4011973816621555,3,12.037665828154712,2,2,0
0,0,4.143134726391533,2,11.763442909076936,1,2,1
0,0,4.204692619390966,2,11.817221262039034,1,1,1
1,1,3.9889840465642745,2,12.047334794033176,2,2,1
0,0,4.262679877041316,2,12.1671238953916,2,1,1
1,1,3.4657359027997265,3,11.7998697653351,1,2,0
1,1,3.80666248977032,2,12.47168930752184,2,2,1
0,0,4.174387269895637,2,12.562512061734427,2,2,1
0,0,4.127134385045092,2,12.012584979123474,2,1,1
1,1,3.332204510175204,3,11.776427543420276,0,2,0
0,0,4.174387269895637,2,11.774042798496207,1,1,1
0,0,4.04305126783455,2,12.548409792748291,2,1,1
1,1,3.871201010907891,2,11.965941874936616,1,2,1
1,1,4.262679877041316,3,12.005509722038193,1,1,1
0,0,3.6375861597263857,1,11.319316443758336,1,1,0
0,1,3.688879454113936,1,11.587197709344816,1,1,0
0,0,3.8918202981106265,1,11.714608375242802,1,1,0
0,1,3.4657359027997265,1,11.954658212248937,2,1,0
0,0,3.80666248977032,1,11.756436190076606,1,1,0
0,0,3.688879454113936,1,11.9449091598392,2,1,0
0,0,4.189654742026425,2,12.013282483602136,2,2,1
0,0,3.6375861597263857,1,11.71996402430102,1,2,0
0,1,2.995732273553991,1,11.403166400977488,1,1,0
0,0,3.871201010907891,1,11.676072697044594,1,1,0
0,1,3.828641396489095,2,12.03708578516792,2,1,1
0,0,3.4657359027997265,1,11.831931770664037,2,2,0
0,0,3.9889840465642745,1,11.619750907099125,1,1,0
0,1,3.1780538303479458,1,11.453695495174394,2,2,0
0,1,3.295836866004329,1,12.105920763579732,2,1,0
0,0,4.04305126783455,1,11.73632498352203,1,2,0
0,0,3.6375861597263857,1,11.835088671107584,2,1,0
0,0,3.688879454113936,1,11.883454003197496,1,1,0
0,1,2.995732273553991,1,11.583104299591476,1,2,0
0,0,3.58351893845611,1,11.638720761014536,2,2,0
0,0,3.8501476017100575,1,11.830200319668752,1,2,0
0,0,4.158883083359672,2,11.737020563419833,0,2,0
0,0,3.737669618283368,1,11.981334072845424,2,2,1
0,0,3.784189633918261,1,12.107698777421891,2,2,1
0,1,3.4011973816621555,1,11.413105129688017,2,2,0
0,0,3.610917912644224,1,11.539888668548445,1,1,0
0,0,3.737669618283368,1,11.816675257450838,1,2,0
0,1,4.127134385045092,2,12.037914315048306,1,1,1
0,0,3.8918202981106265,1,12.09261835233483,1,2,1
0,0,3.951243718581428,1,11.98115251703686,1,2,1
0,1,3.58351893845611,1,12.04424759289122,2,1,0
0,0,3.8918202981106265,1,11.876776598357928,0,1,1
0,0,3.737669618283368,1,11.776550472828218,2,2,0
0,0,3.6375861597263857,1,11.648120473018915,1,1,0
0,0,3.912023005428146,1,11.745171463032973,1,1,0
0,1,3.5263605246161616,1,11.772624642785528,2,2,0
0,0,3.7612001156935615,1,11.721580563716024,1,2,0
0,0,3.688879454113936,1,11.986198743083587,1,1,0
0,0,4.02535169073515,2,11.751201933908629,1,1,0
0,0,3.713572066704308,1,11.877526911023391,2,2,0
0,1,3.4011973816621555,1,11.724134077398888,2,2,0
0,1,3.332204510175204,1,11.767993949068812,1,2,0
0,0,4.158883083359672,2,11.822701654895075,0,2,1
0,0,4.204692619390966,2,11.630584048438315,1,2,0
0,0,3.610917912644224,1,11.934270483892943,2,1,0
0,0,3.4339872044851463,1,11.966882280015485,2,1,0
0,0,3.4657359027997265,1,11.869690404859204,2,2,0
0,1,3.951243718581428,2,11.829420916273492,1,2,1
0,1,3.4339872044851463,1,11.556042424043634,1,1,0
0,0,3.58351893845611,1,11.887140675073434,2,1,0
0,1,3.4657359027997265,1,11.894910391862636,2,1,0
0,0,3.9318256327243257,1,11.745837152323316,1,2,0
0,0,3.8501476017100575,1,11.62827888483239,2,1,0
0,1,3.5263605246161616,1,11.60955295855382,1,2,0
0,1,3.828641396489095,2,11.914509718962892,1,1,1
0,1,3.737669618283368,1,12.081903008885291,1,1,1
0,0,3.6635616461296463,1,11.418823554913928,2,1,0
0,0,3.912023005428146,1,12.0410741739188,1,2,1
0,0,3.737669618283368,1,11.865727920495086,1,2,0
0,1,3.58351893845611,1,11.779909809642891,1,1,0
0,1,2.8903717578961645,1,11.50279431777077,1,1,0
0,0,3.555348061489413,1,12.111355289970827,2,2,0
0,0,3.6375861597263857,1,11.937303916189688,1,2,0
0,0,3.6635616461296463,1,11.819210916495647,2,2,0
0,1,3.1780538303479458,1,11.7097825341586,0,2,0
0,0,3.713572066704308,1,12.113266328443698,1,1,1
0,0,3.58351893845611,1,11.911970005275473,2,2,0
0,0,3.610917912644224,1,11.945979799437684,2,2,0
0,1,3.80666248977032,2,11.815486297650478,1,1,0
0,0,3.713572066704308,1,11.807086503519718,2,2,0
0,0,3.58351893845611,1,12.084870646874991,2,2,0
0,0,3.6375861597263857,1,11.661035077093992,0,2,0
0,0,3.6375861597263857,1,11.826794155381588,0,1,0
0,1,3.970291913552122,2,11.980169038764808,2,2,1
0,0,3.555348061489413,1,11.642882978891423,1,2,0
0,0,3.871201010907891,1,12.050605265900732,2,2,1
0,0,3.58351893845611,1,11.534491242884789,1,2,0
0,1,3.091042453358316,1,11.668594990766756,2,1,0
0,0,3.555348061489413,1,11.848282794599266,2,2,0
0,0,3.737669618283368,1,11.960370297171067,0,1,1
0,0,3.6635616461296463,1,11.66252580769867,0,1,0
0,0,3.4339872044851463,1,11.871166182445538,1,1,0
0,0,3.49650756146648,1,11.956777605483095,2,2,0
0,1,3.4339872044851463,1,11.579873580701598,0,1,0
0,0,3.737669618283368,1,11.534031164467564,1,1,0
0,0,4.110873864173311,2,11.88605331449942,0,1,1
0,0,3.6375861597263857,1,11.979799201207037,2,2,0
0,0,3.49650756146648,1,11.497791522385512,0,1,0
0,0,3.871201010907891,1,11.981139994731503,1,2,1
0,0,3.4339872044851463,1,11.710562472541955,0,1,0
0,0,3.951243718581428,1,11.858435310524388,2,2,1
0,1,3.295836866004329,1,11.721669843995286,1,2,0
0,0,3.688879454113936,1,11.875643114931112,2,1,0
0,0,3.5263605246161616,1,11.63104622137032,0,1,0
0,1,3.258096538021482,1,11.492028639257244,2,2,0
0,0,3.4011973816621555,1,11.944727361725503,0,1,0
0,0,3.970291913552122,1,12.08491579997222,1,1,1
0,0,3.80666248977032,1,11.760191710404564,1,2,0
0,0,3.4657359027997265,1,11.64935141432052,2,1,0
0,0,3.555348061489413,1,12.116268280870102,2,2,0
0,1,3.258096538021482,1,12.085118963683366,1,2,0
0,0,3.4011973816621555,1,11.616645635998122,1,1,0
0,0,3.610917912644224,1,11.624654657484664,1,1,0
0,0,3.4657359027997265,1,11.485615931226643,2,1,0
0,1,3.688879454113936,1,11.96547134055349,1,1,0
0,0,3.784189633918261,1,11.751201933908629,0,2,0
0,0,3.7612001156935615,1,11.799929807815174,1,2,0
0,0,3.9318256327243257,1,11.6284838056045,1,1,0
0,0,3.610917912644224,1,11.555496329325743,0,1,0
0,0,3.49650756146648,1,11.927819315782894,1,2,0
0,1,3.4657359027997265,1,12.089993781947332,2,1,0
0,0,3.555348061489413,1,11.60987974704288,0,2,0
0,1,3.4011973816621555,1,11.635249286746486,1,1,0
0,1,3.555348061489413,1,11.94849938584871,2,2,0
0,0,3.688879454113936,1,11.88244555563764,2,1,0
0,0,3.610917912644224,1,11.86098742341072,2,2,0
0,0,3.610917912644224,1,11.56223930152315,1,2,0
0,0,3.610917912644224,1,11.732839807999085,1,2,0
0,0,3.970291913552122,1,11.983953569262152,2,1,1
0,0,3.5263605246161616,1,11.930016067717675,2,1,0
0,0,3.9318256327243257,1,11.954728931106146,1,1,1
0,1,3.258096538021482,1,11.461484791301832,1,2,0
0,0,3.5263605246161616,1,12.077102264233211,0,1,0
0,0,3.9318256327243257,1,11.745987663467368,2,1,0
0,0,3.49650756146648,1,11.66359294262898,1,2,0
0,1,3.4657359027997265,1,11.676709593765723,0,2,0
0,0,3.6635616461296463,1,11.655838957728488,1,1,0
0,0,3.970291913552122,1,12.03810359696062,1,1,1
0,0,3.5263605246161616,1,11.487340954757396,2,2,0
0,0,3.610917912644224,1,11.851830454333124,1,2,0
0,1,3.332204510175204,1,11.648356302506556,1,1,0
0,1,3.218875824868201,1,11.541872429591866,1,2,0
0,0,3.58351893845611,1,11.93019397141953,2,2,0
0,1,3.58351893845611,1,11.72102035098292,1,2,0
0,0,3.555348061489413,1,11.68586144807233,1,2,0
0,1,3.044522437723423,1,11.97466378042384,1,1,0
0,1,3.367295829986474,1,11.58537635062847,1,2,0
0,0,4.0943445622221,2,12.174989532116426,1,1,1
0,0,3.80666248977032,1,11.81334852522283,1,1,0
0,1,4.02535169073515,2,11.59504908297038,0,1,0
0,1,3.4011973816621555,1,11.703859824862406,1,2,0
0,0,3.951243718581428,1,11.931287054813414,2,2,1
0,1,3.258096538021482,1,11.685365021909732,1,1,0
0,0,3.7612001156935615,1,11.707809449670645,1,1,0
0,0,3.5263605246161616,1,11.64019227601504,1,1,0
0,1,3.091042453358316,1,11.784249470809192,1,2,0
0,0,3.737669618283368,1,11.434206880258824,0,1,0
0,0,3.6375861597263857,1,11.73249463579085,0,1,0
0,1,3.367295829986474,1,11.661242016461498,1,2,0
0,0,3.784189633918261,1,11.583393248239856,1,2,0
0,1,3.367295829986474,1,11.549903280091796,2,1,0
0,0,3.784189633918261,1,11.860005524877089,1,2,0
0,0,3.6375861597263857,1,11.946906760788842,1,2,0
0,1,3.258096538021482,1,11.629543377689972,0,1,0
0,0,3.970291913552122,1,11.971571085549115,1,1,1
0,0,3.7612001156935615,1,11.875719648116982,1,1,0
0,0,3.49650756146648,1,11.710874277649882,1,1,0
0,0,3.951243718581428,1,11.756726180320856,0,1,0
0,1,3.258096538021482,1,11.45794115663747,0,2,0
0,0,3.6375861597263857,1,12.075417113651117,2,1,0
0,0,3.8501476017100575,1,12.016696261862515,1,2,1
0,1,3.258096538021482,1,11.69848344555684,1,1,0
0,1,3.58351893845611,1,12.015759238806666,1,1,0
0,0,3.58351893845611,1,11.693612353087724,1,1,0
0,0,4.04305126783455,2,11.94693915648281,2,1,1
0,1,3.4339872044851463,1,11.573700663684686,2,2,0
0,0,3.80666248977032,1,11.821358244560196,1,1,0
0,0,3.688879454113936,1,11.931069850235469,2,1,0
0,1,3.044522437723423,1,11.7074472948455,1,1,0
0,0,3.828641396489095,1,11.753099176391816,1,2,0
0,0,3.555348061489413,1,11.73916023354547,1,2,0
0,1,3.4339872044851463,1,11.845748193086282,0,2,0
0,0,3.9318256327243257,1,11.735989013084268,1,2,0
0,1,3.044522437723423,1,11.52752832235416,2,1,0
0,0,3.871201010907891,1,11.955737737362767,1,1,1
0,0,3.871201010907891,1,11.866008967396638,1,2,1
0,0,4.219507705176107,2,11.909517994574797,0,1,1
0,1,3.80666248977032,2,11.665509203500228,1,2,0
0,0,3.555348061489413,1,11.919969326191609,2,2,0
0,1,3.091042453358316,1,11.515651745288512,1,2,0
0,0,3.784189633918261,1,11.714166906616692,0,1,0
0,0,3.951243718581428,1,11.978017049854945,1,1,1
0,0,3.871201010907891,1,11.775920299817193,1,2,0
0,0,3.49650756146648,1,11.846156741062304,1,2,0
0,1,3.555348061489413,1,11.719085611244024,1,1,0
0,1,4.158883083359672,2,11.9482664771414,1,1,1
0,0,4.060443010546419,1,11.91381344733528,0,2,1
0,1,3.1780538303479458,1,11.679295469550114,0,2,0
0,0,3.688879454113936,1,11.65988751123109,0,2,0
0,0,3.8918202981106265,1,11.683267216253103,2,2,0
0,0,3.4339872044851463,1,11.841552724353768,1,2,0
0,0,3.828641396489095,1,11.498014852234476,1,2,0
0,0,3.828641396489095,1,11.57661362465296,1,1,0
0,0,3.8918202981106265,1,11.708426456876298,1,1,0
0,0,3.367295829986474,1,11.817501526964977,0,1,0
0,0,3.610917912644224,1,11.648784147353842,1,2,0
0,0,3.49650756146648,1,11.927277632588252,2,1,0
0,0,4.262679877041316,2,12.045827599387229,1,2,1
0,0,3.555348061489413,1,11.680877607796882,1,2,0
0,0,3.688879454113936,1,11.60816291485707,1,2,0
1,0,3.295836866004329,1,11.414805340967895,0,0,0
1,0,4.110873864173311,2,11.637706181867534,0,0,0
1,1,3.367295829986474,1,11.51385503278816,1,1,0
1,0,3.49650756146648,1,11.603579366571584,1,0,0
1,0,4.02535169073515,2,11.8452964457846,0,0,1
1,1,3.295836866004329,1,11.723275527485464,1,1,0
1,1,3.091042453358316,1,11.834465338140632,1,0,0
1,1,2.9444389791664403,1,11.504076427470856,1,0,0
1,1,3.332204510175204,1,11.419537436648556,1,1,0
1,1,3.1780538303479458,1,11.60948032438486,1,1,0
1,1,3.295836866004329,1,11.113059651512495,0,0,0
1,1,3.4011973816621555,1,11.7542939290551,1,1,0
1,0,3.258096538021482,1,11.345157489183784,0,0,0
1,1,3.258096538021482,1,11.727189711677845,1,0,0
1,1,3.1354942159291497,1,11.45449094313306,1,1,0
1,1,3.332204510175204,1,11.472749095322708,1,0,0
1,1,4.204692619390966,3,11.883405676175432,1,0,1
1,1,3.295836866004329,1,11.585106581930235,1,1,0
1,1,3.4657359027997265,1,11.49855266942004,1,0,0
1,0,3.1780538303479458,1,11.58489257568602,0,0,0
1,1,3.332204510175204,1,11.659697561308226,1,1,0
1,0,3.871201010907891,2,11.6847673008088,0,0,0
1,1,3.4657359027997265,1,11.843034643061904,1,1,0
1,1,3.218875824868201,1,11.451847615461638,1,0,0
1,1,4.04305126783455,2,11.034921921571463,0,0,0
1,1,3.332204510175204,1,11.75400323252059,1,0,0
1,1,3.1780538303479458,1,11.718686817386676,1,1,0
1,1,3.218875824868201,1,11.033388537900962,0,0,0
1,0,3.4339872044851463,1,11.399611179559546,0,0,0
1,0,3.49650756146648,1,11.549218820667496,1,1,0
1,1,3.912023005428146,2,11.902281516145209,1,0,1
1,1,4.060443010546419,2,11.843875338517414,0,1,1
1,1,3.295836866004329,1,11.589256678176753,0,0,0
1,1,3.871201010907891,2,11.66336928286616,0,0,0
1,1,3.091042453358316,1,11.361800203944656,0,0,0
1,1,3.688879454113936,1,11.728044909070784,0,0,0
1,1,3.4657359027997265,1,11.70707677351776,1,0,0
1,0,3.218875824868201,1,11.442857015256344,0,0,0
1,1,3.295836866004329,1,11.126748145769348,0,0,0
1,1,3.295836866004329,1,11.38510345703214,0,0,0
1,1,3.1354942159291497,1,11.768435523715658,1,0,0
1,1,3.4657359027997265,1,11.60207122920064,1,1,0
1,1,3.218875824868201,1,11.633238630480236,1,1,0
1,1,3.828641396489095,2,11.825800025054033,0,0,0
1,1,3.044522437723423,1,11.587838113285232,1,1,0
1,1,3.367295829986474,1,11.547578067869653,1,0,0
1,1,3.4339872044851463,1,11.442191793455455,0,0,0
1,0,3.258096538021482,1,11.576454101345798,0,0,0
1,1,3.1354942159291497,1,11.63273311637494,1,1,0
1,0,3.6375861597263857,1,11.541075508386577,1,1,0
1,0,3.555348061489413,1,11.354878872588175,0,0,0
1,1,3.295836866004329,1,11.52051657941604,1,1,0
1,1,3.091042453358316,1,11.78634379215806,1,1,0
1,1,3.951243718581428,2,11.721515627596908,1,0,0
1,1,2.9444389791664403,1,11.508103859691012,1,1,0
1,1,3.1354942159291497,1,11.633841365853344,1,0,0
1,0,3.737669618283368,1,11.61285224458704,1,0,0
1,1,3.295836866004329,1,11.575393093288705,1,1,0
1,1,3.6635616461296463,2,11.403835782382524,0,0,0
1,1,3.912023005428146,2,11.761604200640772,1,1,0
1,1,3.58351893845611,1,11.802717809231368,1,0,0
1,1,3.218875824868201,1,11.659904777616893,1,1,0
1,1,3.295836866004329,1,11.090721032857768,0,0,0
1,1,3.4011973816621555,1,11.68386583439056,1,0,0
1,0,3.091042453358316,1,11.060918912426148,0,0,0
1,1,3.295836866004329,1,11.7170818963717,1,1,0
1,0,3.4339872044851463,1,11.872842148787797,2,1,0
1,1,3.367295829986474,1,11.508475578896595,1,0,0
1,0,3.5263605246161616,1,10.512165576469624,0,0,0
1,0,3.49650756146648,1,11.183518212471132,0,0,0
1,1,3.258096538021482,1,11.65248738734272,1,0,0
1,1,3.58351893845611,1,11.902877532336564,1,1,0
1,1,3.258096538021482,1,10.902205838383594,0,0,0
1,1,3.6635616461296463,1,11.289956898345304,0,0,0
1,1,3.784189633918261,2,11.263014337316546,0,0,0
1,1,3.828641396489095,2,11.49798440110093,0,0,0
1,1,3.4339872044851463,1,11.542600765279978,0,0,0
1,0,3.258096538021482,1,11.706656683315746,1,0,0
1,1,3.091042453358316,1,11.422552079120653,1,1,0
1,0,3.871201010907891,2,11.560123886799229,0,0,0
1,1,3.295836866004329,1,11.524942964687538,1,0,0
1,0,3.4011973816621555,1,10.97176090140117,0,0,0
1,1,3.295836866004329,1,11.667430367767407,1,1,0
1,1,3.58351893845611,1,11.584976322714212,1,1,0
1,1,3.4339872044851463,1,11.76364527205454,1,0,0
1,0,3.044522437723423,1,11.731803933737064,1,0,0
1,1,3.258096538021482,1,11.579854875652169,1,1,0
1,0,3.1780538303479458,1,11.554940347716329,1,0,0
1,1,3.367295829986474,1,11.494802226710538,1,0,0
1,1,3.4657359027997265,1,11.752501264345744,1,0,0
1,1,3.80666248977032,2,11.351758562248673,0,0,0
1,1,4.060443010546419,2,11.55227117031166,0,0,0
1,1,3.218875824868201,1,11.406041567332844,1,0,0
1,1,4.204692619390966,3,11.81524981415888,1,0,1
1,1,3.970291913552122,2,11.588598640125822,0,0,0
1,1,3.1780538303479458,1,11.727988456319707,1,0,0
1,0,2.995732273553991,1,11.421577425510923,0,0,0
1,1,4.262679877041316,3,11.79994481787191,0,0,1
1,1,3.4339872044851463,1,11.68346117404681,1,1,0
1,1,3.295836866004329,1,10.611671117922189,0,0,0
1,1,3.58351893845611,1,11.769921500089644,0,0,0
1,1,3.218875824868201,1,11.636186800634638,1,0,0
1,0,3.713572066704308,1,11.79908888485272,1,0,0
1,1,3.4011973816621555,1,11.579424562920432,1,1,0
1,1,3.4657359027997265,1,11.781959743049526,1,1,0
1,1,3.367295829986474,1,11.741024716492529,0,0,0
1,0,3.295836866004329,1,11.27622797259197,0,0,0
1,1,3.4657359027997265,1,11.727899738414358,1,0,0
1,1,3.218875824868201,1,11.227693721342597,0,0,0
1,0,3.1780538303479458,1,11.605440833835374,1,0,0
1,1,4.143134726391533,2,11.365271966011036,0,0,0
1,0,3.737669618283368,2,11.636823101626463,0,0,0
1,1,3.091042453358316,1,11.601613768465668,0,0,0
1,1,3.828641396489095,2,11.8740136561914,1,1,1
1,1,3.1780538303479458,1,11.50861619338213,1,1,0
1,0,3.4011973816621555,1,11.845590463248488,1,1,0
1,1,3.784189633918261,2,11.595675274365972,0,0,0
1,0,3.218875824868201,1,11.57453783409775,1,0,0
1,1,3.295836866004329,1,11.481971289648325,1,0,0
1,1,3.295836866004329,1,11.86006913024116,1,1,0
1,1,3.5263605246161616,1,11.612046555838036,1,1,0
1,1,2.8903717578961645,1,11.490076401997507,1,1,0
1,1,3.218875824868201,1,11.508746746273811,1,1,0
1,1,3.044522437723423,1,11.0619084438931,0,0,0
1,1,3.258096538021482,1,11.667258985224016,1,1,0
1,1,3.295836866004329,1,11.787081471240286,2,1,0
1,0,3.218875824868201,1,11.820814494730495,1,1,0
1,1,3.4011973816621555,1,11.514873566188244,1,1,0
1,0,4.189654742026425,3,11.78296023574194,1,0,1
1,1,3.218875824868201,1,11.552742154340551,1,1,0
1,1,3.7612001156935615,2,11.832752797720492,1,0,0
1,1,3.555348061489413,1,11.83286899487815,1,1,0
1,0,4.248495242049359,3,11.155035497474952,0,0,0
1,0,3.555348061489413,1,11.137955613696986,0,0,0
1,1,3.258096538021482,1,11.568606120796783,1,0,0
1,0,3.367295829986474,1,11.265463606004811,0,0,0
1,1,3.091042453358316,1,11.615797887890858,0,0,0
1,0,3.258096538021482,1,11.657294171200013,1,1,0
1,1,3.58351893845611,1,11.437371832969069,0,0,0
1,1,3.555348061489413,1,11.585329843975686,1,1,0
1,1,3.332204510175204,1,11.667901518368703,1,1,0
1,1,3.1780538303479458,1,11.520228731080348,1,0,0
1,1,3.5263605246161616,1,11.436605818096815,0,0,0
1,1,3.218875824868201,1,11.580462610735784,1,0,0
1,1,3.9889840465642745,2,10.856727188188485,0,0,0
1,0,3.828641396489095,2,11.559341384278197,0,0,0
1,1,3.737669618283368,1,10.838541155661169,0,0,0
1,0,3.80666248977032,2,11.751832123143798,0,0,0
1,0,3.871201010907891,2,11.610260865357509,0,0,0
1,0,3.044522437723423,1,11.518818069425029,0,0,0
1,1,3.4339872044851463,1,11.722026885424,1,0,0
1,0,3.555348061489413,1,11.833094088456308,1,1,0
1,1,3.58351893845611,1,11.610242720159633,1,1,0
1,1,3.4657359027997265,1,11.50995104576804,0,0,0
1,1,3.258096538021482,1,11.577467111102916,0,0,0
1,1,3.5263605246161616,1,11.872828194001302,1,0,0
1,1,4.174387269895637,2,11.817147495054153,1,1,1
1,1,3.912023005428146,2,11.444539552103764,0,0,0
1,1,3.6635616461296463,1,11.488397088892302,1,0,0
1,0,3.951243718581428,2,11.729616241843724,0,0,0
1,1,3.58351893845611,1,11.3038820380348,0,0,0
1,1,3.367295829986474,1,11.690561059773469,1,0,0
1,1,3.58351893845611,1,11.886080857207835,1,1,0
1,1,3.58351893845611,1,11.357709217627498,0,0,0
1,1,3.295836866004329,1,11.887058132202684,1,1,0
1,1,3.58351893845611,1,11.819645166299146,2,1,0
1,1,3.258096538021482,1,11.575618534308653,1,1,0
1,0,4.04305126783455,2,11.638094490259874,1,1,0
1,0,3.295836866004329,1,11.518509843264129,0,0,0
1,1,4.060443010546419,2,11.593970746821352,0,0,0
1,1,3.295836866004329,1,11.073986300004346,0,0,0
1,1,3.8918202981106265,2,11.696970535660457,1,0,0
1,1,3.7612001156935615,2,11.529585905863335,1,0,0
1,0,3.80666248977032,2,11.433254354912412,0,0,0
1,1,3.295836866004329,1,11.49893809623429,0,0,0
1,1,3.5263605246161616,1,11.4887659602526,1,1,0
1,1,3.044522437723423,1,11.318102085033306,0,0,0
1,1,3.9889840465642745,2,11.738482102448712,1,1,0
1,1,3.7612001156935615,2,11.596577037465838,0,0,0
1,0,3.218875824868201,1,11.357078347005144,0,0,0
1,0,4.04305126783455,2,11.611611757468928,0,0,0
1,1,3.258096538021482,1,11.518022453228072,1,1,0
1,0,3.4011973816621555,1,11.612363477176284,1,0,0
1,0,4.060443010546419,2,11.863533039593673,0,0,1
1,1,3.218875824868201,1,11.710045318192696,1,1,0
1,1,3.1354942159291497,1,11.841991773854652,1,0,0
1,0,3.091042453358316,1,11.563903709734856,1,0,0
1,1,3.044522437723423,1,11.414827402630245,1,1,0
1,1,2.995732273553991,1,11.656549505053103,1,1,0
1,1,3.091042453358316,1,11.001349559813534,0,0,0
1,0,3.295836866004329,1,11.746161911232289,1,1,0
1,0,3.1780538303479458,1,11.30010346272789,0,0,0
1,1,3.1354942159291497,1,11.725008068925014,1,0,0
1,1,3.258096538021482,1,11.538037501785084,1,1,0
1,0,3.332204510175204,1,11.532218158350638,1,0,0
1,1,4.158883083359672,3,11.865552226062391,1,0,1
1,1,3.258096538021482,1,11.56584044371661,1,1,0
1,1,3.4339872044851463,1,11.57227869066974,1,0,0
1,0,3.332204510175204,1,11.61779886200504,0,0,0
1,1,3.218875824868201,1,11.676386950122826,1,1,0
1,0,3.8918202981106265,2,11.681790217077571,0,0,0
1,1,3.49650756146648,1,11.82232010432766,1,1,0
1,0,3.295836866004329,1,11.48444368253458,1,0,0
1,1,4.07753744390572,2,11.0365173708515,0,0,0
1,1,3.332204510175204,1,11.72397214325715,1,0,0
1,1,3.1780538303479458,1,11.697960004961624,1,1,0
1,1,3.258096538021482,1,11.10713530403812,0,0,0
1,0,3.49650756146648,1,11.33175124972816,0,0,0
1,0,3.610917912644224,1,11.585608851454896,1,1,0
1,1,3.828641396489095,2,11.943928356866232,1,0,1
1,1,4.127134385045092,2,11.850668322582012,0,1,1
1,0,3.258096538021482,1,11.516937406360084,0,0,0
1,1,3.8918202981106265,2,11.713070567787309,0,0,0
1,1,3.218875824868201,1,11.40010385108078,0,0,0
1,1,3.610917912644224,1,11.738936899971922,0,0,0
1,0,3.4339872044851463,1,11.728923548123566,1,0,0
1,0,3.218875824868201,1,11.445994751487438,0,0,0
1,1,3.044522437723423,1,11.158676148246334,0,0,0
1,1,3.295836866004329,1,11.318818735029057,0,0,0
1,1,3.367295829986474,1,11.749932472943591,1,0,0
1,1,3.4011973816621555,1,11.545644317532954,1,1,0
1,1,3.258096538021482,1,11.661759177603194,1,1,0
1,1,3.688879454113936,2,11.828575268756028,0,0,0
1,1,3.1354942159291497,1,11.565185791631311,1,1,0
1,1,3.4339872044851463,1,11.471175957109097,1,0,0
1,1,3.367295829986474,1,11.392665614538943,0,0,0
1,0,3.091042453358316,1,11.549990009107043,0,0,0
1,1,3.258096538021482,1,11.597854675755531,1,1,0
1,0,3.6635616461296463,1,11.571543368791897,1,1,0
1,0,3.555348061489413,1,11.348652056096752,0,0,0
1,1,3.258096538021482,1,11.46947501909628,1,1,0
1,1,3.332204510175204,1,11.80272529339301,1,1,0
1,1,4.02535169073515,2,11.796238004904067,1,0,1
1,1,3.091042453358316,1,11.469098961429674,1,1,0
1,1,3.258096538021482,1,11.599680975895597,1,0,0
1,0,3.713572066704308,1,11.63974312081556,1,0,0
1,1,3.367295829986474,1,11.602583336900764,1,1,0
1,1,3.737669618283368,2,11.321256355615764,0,0,0
1,1,3.912023005428146,2,11.734283423061283,1,1,0
1,1,3.49650756146648,1,11.80217131408569,1,0,0
1,1,3.332204510175204,1,11.665577880102136,1,1,0
1,1,3.295836866004329,1,11.139453087898238,0,0,0
1,1,3.295836866004329,1,11.728222311258136,1,0,0
1,0,3.332204510175204,1,11.06479291054266,0,0,0
1,1,3.1780538303479458,1,11.715801000711933,1,1,0
1,0,3.332204510175204,1,11.859722785412549,2,1,0
1,1,3.4657359027997265,1,11.506172716397517,1,0,0
1,0,3.4657359027997265,1,10.727443673207487,0,0,0
1,0,3.4011973816621555,1,11.172784506812487,0,0,0
1,1,3.367295829986474,1,11.62618271915466,1,0,0
1,1,3.610917912644224,1,11.885454072832127,1,1,0
1,1,3.1780538303479458,1,10.813196673044729,0,0,0
1,1,3.58351893845611,1,11.232364642786068,0,0,0
1,1,3.688879454113936,2,11.370439816673471,0,0,0
1,1,3.9318256327243257,2,11.489953621007944,0,0,0
1,1,3.49650756146648,1,11.578788109069931,0,0,0
1,0,3.4339872044851463,1,11.678194110531331,1,0,0
1,1,3.367295829986474,1,11.48997408555312,1,1,0
1,0,3.871201010907891,2,11.600899711585416,0,0,0
1,1,3.218875824868201,1,11.460631670249096,1,0,0
1,0,3.332204510175204,1,10.959192340192962,0,0,0
1,1,3.1354942159291497,1,11.600707378353762,1,1,0
1,1,3.4657359027997265,1,11.61885182051047,1,1,0
1,1,3.5263605246161616,1,11.753948226371676,1,0,0
1,0,3.1354942159291497,1,11.657017150897849,1,0,0
1,1,3.218875824868201,1,11.6036706957769,1,1,0
1,0,3.218875824868201,1,11.558816191735316,1,0,0
1,1,3.295836866004329,1,11.556626511041324,1,0,0
1,1,3.367295829986474,1,11.696554499975235,1,0,0
1,1,3.828641396489095,2,11.304670526149769,0,0,0
1,1,4.110873864173311,2,11.488202351914722,0,0,0
1,1,3.218875824868201,1,11.471207235618158,1,0,0
1,1,4.204692619390966,3,11.760199519701532,1,0,1
1,1,3.8918202981106265,2,11.530116842782803,0,0,0
1,1,3.044522437723423,1,11.744108611954143,1,0,0
1,0,2.9444389791664403,1,11.421160991712398,0,0,0
1,1,4.204692619390966,3,11.762461646440377,0,0,1
1,1,3.4339872044851463,1,11.608599215038511,1,1,0
1,1,3.295836866004329,1,10.551820404806232,0,0,0
1,1,3.610917912644224,1,11.767776963768714,0,0,0
1,1,3.295836866004329,1,11.652913468748103,1,0,0
1,0,3.58351893845611,1,11.777771263268791,1,0,0
1,1,3.1780538303479458,1,11.544240006552412,1,1,0
1,1,3.4339872044851463,1,11.837231130977903,1,1,0
1,1,3.367295829986474,1,11.716388621517558,0,0,0
1,0,3.332204510175204,1,11.31874587882289,0,0,0
1,1,3.5263605246161616,1,11.738873081217164,1,0,0
1,1,3.258096538021482,1,11.325872733800372,0,0,0
1,0,3.044522437723423,1,11.59015498858023,1,0,0
1,1,4.143134726391533,2,11.323385921069796,0,0,0
1,0,3.6375861597263857,2,11.668355326295869,0,0,0
1,1,2.995732273553991,1,11.63931138943388,0,0,0
1,1,3.784189633918261,2,11.872995638588,1,1,1
1,1,3.4339872044851463,1,11.552857463561574,1,1,0
1,0,3.49650756146648,1,11.83880609373555,1,1,0
1,1,3.8918202981106265,2,11.580210211775825,0,0,0
1,0,3.258096538021482,1,11.59287278347898,1,0,0
1,1,3.332204510175204,1,11.46985093539668,1,0,0
1,1,3.4011973816621555,1,11.854193327033183,1,1,0
1,1,3.58351893845611,1,11.554403244416536,1,1,0
1,1,3.295836866004329,1,10.897498296714174,0,0,0
0,0,3.1354942159291497,0,11.589525329778928,0,0,0
0,0,3.4339872044851463,0,11.641819873381325,1,0,0
1,1,3.295836866004329,1,11.460410371858927,1,0,0
1,1,3.218875824868201,1,11.744362529828948,1,0,0
1,1,3.1354942159291497,1,11.081403814542282,0,0,0
0,1,3.295836866004329,1,11.108919292098308,0,0,0
1,0,3.6375861597263857,1,11.125216774451276,0,0,0
0,0,3.784189633918261,1,11.639699075131372,0,0,0
1,1,3.737669618283368,1,10.738763437696006,0,0,0
1,1,3.218875824868201,1,11.54878476567074,0,0,0
0,1,3.688879454113936,1,11.225816561559018,0,0,0
1,1,3.1780538303479458,1,11.66541476547082,0,0,0
1,0,3.6635616461296463,1,11.47847893723586,0,0,0
0,0,3.1780538303479458,0,11.104159916395384,0,0,0
1,0,3.912023005428146,1,11.68745003746196,1,0,0
1,1,3.332204510175204,1,11.719720098063105,0,0,0
1,1,3.58351893845611,1,11.309694828987896,0,0,0
0,0,3.58351893845611,1,11.566646310469867,1,0,0
1,1,3.688879454113936,1,11.36962075439626,0,0,0
1,0,3.4339872044851463,0,11.243528529138556,0,0,0
0,1,3.295836866004329,1,11.114475691755969,0,0,0
1,1,3.555348061489413,1,11.442020051454454,0,0,0
0,0,3.9318256327243257,1,11.7295115631067,0,0,0
1,0,3.258096538021482,0,11.079986379861309,0,0,0
0,0,3.49650756146648,1,11.376326515056205,0,0,0
1,1,3.295836866004329,1,11.43284275649667,0,0,0
0,0,3.6375861597263857,1,11.341591324832384,0,0,0
1,0,3.4011973816621555,0,11.57773894830223,1,0,0
0,0,3.332204510175204,0,11.637017446200003,1,0,0
0,0,3.1354942159291497,0,11.171505006064963,0,0,0
1,1,3.1354942159291497,1,11.64631934814076,0,0,0
1,1,3.258096538021482,1,11.740363780567304,1,0,0
1,1,3.044522437723423,1,11.43433669980983,0,0,0
1,0,3.58351893845611,1,11.229195572356875,0,0,0
1,1,3.1780538303479458,1,11.092960743698262,0,0,0
0,0,3.713572066704308,1,11.698466832605382,1,0,0
0,0,3.737669618283368,1,11.703099443974144,1,0,0
0,0,3.295836866004329,0,11.201838284072126,0,0,0
0,1,3.688879454113936,1,11.257788023994172,0,0,0
1,1,3.5263605246161616,1,11.421708894900656,0,0,0
0,0,3.688879454113936,1,11.556032846004165,0,0,0
0,0,3.49650756146648,1,11.509379184343569,1,0,0
1,0,3.8918202981106265,1,11.490587827248511,0,0,0
0,0,3.332204510175204,0,11.312985613487657,0,0,0
1,1,3.258096538021482,1,11.589034291222536,1,0,0
1,0,3.688879454113936,1,11.498907673202025,0,0,0
0,0,3.8501476017100575,1,11.4640292951824,0,0,0
1,1,3.713572066704308,1,11.761058170267916,1,0,0
1,1,3.367295829986474,1,11.454501544832512,0,0,0
1,1,3.610917912644224,1,11.416579749183544,0,0,0
0,0,3.4339872044851463,0,11.701220809775878,1,0,0
0,0,3.555348061489413,1,11.609680055656176,1,0,0
0,0,3.555348061489413,1,11.731980670375831,1,0,0
1,1,3.367295829986474,1,11.227387758388332,0,0,0
1,0,3.610917912644224,1,11.75356309858702,1,0,0
0,0,3.610917912644224,1,11.33451624499619,0,0,0
1,1,3.258096538021482,1,11.378250561643627,0,0,0
1,1,3.332204510175204,1,11.276468684593894,0,0,0
1,1,3.1354942159291497,1,11.39021531097729,0,0,0
0,0,3.6375861597263857,1,11.55337619057871,1,0,0
1,1,3.4011973816621555,1,11.516050576717726,1,0,0
1,0,3.80666248977032,1,11.584194410900087,1,0,0
0,0,3.1780538303479458,0,11.342789363040076,0,0,0
1,0,3.555348061489413,1,11.632688760838697,1,0,0
1,1,3.713572066704308,1,11.660414001923936,1,0,0
0,1,3.4011973816621555,1,11.576810647728752,1,0,0
1,1,3.4011973816621555,1,11.706244658786218,1,0,0
1,1,3.258096538021482,1,11.435601558006258,0,0,0
1,1,3.218875824868201,1,11.379816840109676,0,0,0
1,1,3.1354942159291497,1,11.16434623356714,0,0,0
1,1,3.295836866004329,1,11.353859391029244,0,0,0
1,0,3.258096538021482,0,11.169096231895448,0,0,0
0,0,3.218875824868201,0,11.54941167354064,0,0,0
0,1,3.295836866004329,1,11.461074120164662,1,0,0
1,0,3.737669618283368,1,11.291230863421124,0,0,0
0,0,3.555348061489413,1,11.367807203093786,0,0,0
1,1,3.218875824868201,1,11.392699447662704,0,0,0
1,1,3.258096538021482,1,11.326403097111664,0,0,0
0,0,3.6375861597263857,1,11.760566487884825,1,0,0
1,0,3.332204510175204,0,11.196418587501688,0,0,0
0,1,3.49650756146648,1,11.62827888483239,1,0,0
1,0,3.688879454113936,1,11.458194690263724,0,0,0
1,1,3.1354942159291497,1,11.52290549835257,1,0,0
1,0,3.218875824868201,0,11.634470305048572,1,0,0
1,0,3.332204510175204,0,11.595840965297535,0,0,0
0,0,3.713572066704308,1,11.147858261468905,0,0,0
1,0,3.912023005428146,1,11.628073922059151,0,0,0
1,1,3.1354942159291497,1,11.605504646263322,1,0,0
1,1,3.258096538021482,1,11.556789228616616,1,0,0
1,1,3.091042453358316,1,11.022539520441692,0,0,0
0,0,3.610917912644224,1,11.691924842766875,0,0,0
1,0,3.6375861597263857,1,11.302377258225722,0,0,0
1,1,3.091042453358316,1,11.12968651562023,0,0,0
1,0,3.4011973816621555,0,11.392473871879565,0,0,0
0,0,3.6375861597263857,1,11.234599487442471,0,0,0
1,1,3.58351893845611,1,11.553961836510087,1,0,0
0,0,3.713572066704308,1,11.17889225151232,0,0,0
1,1,3.367295829986474,1,11.711071157111068,1,0,0
1,1,3.4339872044851463,1,11.57718582242387,1,0,0
1,0,3.4339872044851463,0,11.510923462299557,1,0,0
1,0,3.044522437723423,0,11.121792164122242,0,0,0
0,0,3.4657359027997265,0,11.698192679052752,1,0,0
1,1,3.555348061489413,1,11.712677556827067,1,0,0
0,0,3.367295829986474,0,11.398299939128924,0,0,0
1,0,3.5263605246161616,1,11.600890553698871,1,0,0
1,0,3.6375861597263857,1,11.433795673794924,0,0,0
1,1,3.49650756146648,1,10.687503245100464,0,0,0
1,1,3.332204510175204,1,11.132967271964477,0,0,0
1,1,3.332204510175204,1,11.630895149873224,1,0,0
0,0,3.044522437723423,0,10.98960544362255,0,0,0
1,1,3.367295829986474,1,11.498948237039368,0,0,0
1,1,3.258096538021482,1,11.16547923373083,0,0,0
1,0,3.688879454113936,1,11.4640292951824,0,0,0
1,0,3.218875824868201,0,10.755026407180589,0,0,0
0,1,2.995732273553991,1,11.529664580974504,1,0,0
1,1,3.1354942159291497,1,11.044808055692608,0,0,0
1,0,3.295836866004329,0,11.537920470859529,1,0,0
1,0,3.58351893845611,1,11.520268439225488,1,0,0
1,1,3.218875824868201,1,11.583579622423844,1,0,0
1,1,3.218875824868201,1,11.634071727522182,0,0,0
1,1,3.5263605246161616,1,11.739040596762598,0,0,0
1,0,3.1780538303479458,0,11.14791588424144,0,0,0
1,0,3.58351893845611,1,11.734139155300069,1,0,0
1,0,3.688879454113936,1,11.278164694315828,0,0,0
0,0,3.6635616461296463,1,11.347803149602338,0,0,0
1,0,3.737669618283368,1,11.256651616211457,0,0,0
0,0,3.555348061489413,1,11.63679659716709,0,0,0
1,1,3.295836866004329,1,11.50388472031808,1,0,0
0,0,3.295836866004329,0,11.081434606037671,0,0,0
1,1,3.1354942159291497,1,11.544850397754605,1,0,0
1,1,3.4657359027997265,1,11.735868996281772,1,0,0
0,1,3.332204510175204,1,11.802470800468786,1,0,0
0,0,3.091042453358316,0,11.54751044971898,1,0,0
0,0,3.4339872044851463,0,11.676853900647291,1,0,0
1,1,3.091042453358316,1,11.694430021443626,1,0,0
0,0,3.1354942159291497,0,11.16737413785572,0,0,0
1,1,3.555348061489413,1,11.739821965153745,0,0,0
1,1,3.258096538021482,1,11.60625186019262,0,0,0
1,1,3.332204510175204,1,11.268583813139838,0,0,0
0,0,3.9889840465642745,1,11.740196486547678,1,0,0
1,0,3.8918202981106265,1,11.537257036783464,0,0,0
1,0,3.6375861597263857,1,11.399857545660817,0,0,0
1,0,3.8501476017100575,1,11.610841337914731,1,0,0
1,0,3.8918202981106265,1,11.71497611694518,0,0,0
1,1,3.4011973816621555,1,11.66477922317728,1,0,0
1,0,3.4657359027997265,0,11.313339736274273,0,0,0
1,1,3.1780538303479458,1,11.491793754834616,0,0,0
1,0,3.218875824868201,0,11.128012703048787,0,0,0
0,0,3.49650756146648,1,11.31951060437832,0,0,0
1,1,3.5263605246161616,1,11.72066294993453,1,0,0
1,1,3.1780538303479458,1,11.10551346289332,0,0,0
1,0,3.58351893845611,1,11.75920725072306,0,0,0
1,0,3.713572066704308,1,11.276734667306584,0,0,0
0,1,3.49650756146648,1,11.596291873793758,1,0,0
1,1,3.258096538021482,1,11.521805916776165,1,0,0
1,0,3.58351893845611,1,11.691573616397877,1,0,0
1,0,3.555348061489413,1,11.662861561620028,0,0,0
0,0,3.367295829986474,0,11.624949728460315,1,0,0
1,1,3.258096538021482,1,11.153833316230168,0,0,0
0,0,3.4339872044851463,0,11.147281851048737,0,0,0
0,1,3.258096538021482,1,11.17479184902235,0,0,0
0,0,3.8501476017100575,1,11.210644004861829,0,0,0
0,1,2.995732273553991,1,11.466797753326444,1,0,0
0,0,3.80666248977032,1,11.602116963766376,0,0,0
0,0,3.58351893845611,1,11.661578201625106,1,0,0
0,1,3.4339872044851463,1,11.314315977092772,0,0,0
1,0,3.713572066704308,1,11.332374340036496,0,0,0
1,0,3.4339872044851463,0,11.189422759203678,0,0,0
1,1,3.295836866004329,1,11.57707328479398,0,0,0
1,1,3.4657359027997265,1,11.725671145300124,1,0,0
1,0,3.7612001156935615,1,11.281661532423248,0,0,0
1,0,3.4657359027997265,0,11.132352949455102,0,0,0
1,1,3.367295829986474,1,11.659896144461255,1,0,0
0,0,3.610917912644224,1,11.40696476924037,0,0,0
1,0,3.555348061489413,1,11.36580501506417,0,0,0
1,1,3.1354942159291497,1,11.169913893429143,0,0,0
0,0,3.688879454113936,1,11.572325808251676,1,0,0
1,1,3.258096538021482,1,11.491252289288736,1,0,0
0,0,3.332204510175204,0,11.03204691757219,0,0,0
1,1,3.688879454113936,1,11.551251547291429,1,0,0
1,1,3.258096538021482,1,11.512455354485608,0,0,0
1,1,3.1354942159291497,1,11.638791302153276,1,0,0
0,0,3.258096538021482,0,11.581434219291372,0,0,0
0,0,3.258096538021482,0,11.73433150769024,1,0,0
1,0,3.8918202981106265,1,11.432593548813283,0,0,0
1,1,3.258096538021482,1,11.47438212234972,1,0,0
1,0,3.555348061489413,1,11.364669046470937,0,0,0
1,1,3.1780538303479458,1,11.301735187773478,0,0,0
1,0,3.828641396489095,1,11.27408434904872,0,0,0
0,0,3.258096538021482,0,11.002533080675796,0,0,0
0,0,3.8501476017100575,1,11.386874594769628,0,0,0
0,0,3.295836866004329,0,11.00011453846092,0,0,0
0,1,3.713572066704308,1,11.63353117978353,1,0,0
1,1,3.367295829986474,1,11.535176073905047,1,0,0
1,1,3.332204510175204,1,10.570803973061553,0,0,0
1,1,3.49650756146648,1,11.31211809350167,0,0,0
1,0,3.912023005428146,1,11.441944905053129,0,0,0
1,1,3.4657359027997265,1,11.590182758515574,1,0,0
0,1,3.4339872044851463,1,11.400148627367267,0,0,0
0,0,3.951243718581428,1,11.468335965641396,0,0,0
0,0,3.970291913552122,1,11.735284708795714,1,0,0
1,1,3.5263605246161616,1,11.382828169079987,0,0,0
1,1,3.091042453358316,1,11.435374649951669,1,0,0
0,1,3.49650756146648,1,11.334838927807764,0,0,0
0,0,3.4657359027997265,0,11.762204489889063,1,0,0
1,0,3.80666248977032,1,11.559370023212828,0,0,0
0,1,3.218875824868201,1,11.130522372458763,0,0,0
1,1,3.713572066704308,1,11.48252811124264,0,0,0
1,0,3.58351893845611,1,11.584054719431748,0,0,0
1,1,3.295836866004329,1,11.612870342496732,1,0,0
0,0,3.688879454113936,1,11.187098367272093,0,0,0
1,0,3.610917912644224,1,11.471811761240312,0,0,0
0,0,3.555348061489413,1,11.566996896757956,0,0,0
0,0,3.5263605246161616,1,11.39302644219128,0,0,0
1,0,3.332204510175204,0,11.675979251406526,1,0,0
1,0,3.784189633918261,1,11.239238338159014,0,0,0
0,1,3.295836866004329,1,11.516837801790144,1,0,0
1,0,3.912023005428146,1,11.637865053526047,1,0,0
1,1,2.8903717578961645,1,11.52212303732427,1,0,0
1,0,3.218875824868201,0,11.187029106081187,0,0,0
1,1,3.688879454113936,1,11.16238878613362,0,0,0
0,1,3.332204510175204,1,11.609171570295956,1,0,0
1,1,3.1354942159291497,1,11.015756167651723,0,0,0
1,1,3.555348061489413,1,11.226575837752224,0,0,0
1,1,3.332204510175204,1,11.770099359666112,1,0,0
1,0,3.1354942159291497,0,11.467310753709356,1,0,0
0,1,3.5263605246161616,1,11.6331676965463,1,0,0
1,1,3.367295829986474,1,10.849259413732453,0,0,0
1,0,3.555348061489413,1,11.540355790018252,1,0,0
1,1,3.4657359027997265,1,11.379325498566006,0,0,0
1,0,3.828641396489095,1,11.194481733801696,0,0,0
1,1,3.295836866004329,1,11.650728969117424,1,0,0
1,1,3.218875824868201,1,11.730927822969566,1,0,0
1,1,3.295836866004329,1,11.528995645147722,0,0,0
1,1,3.1780538303479458,1,11.38468291885074,0,0,0
1,0,3.49650756146648,0,11.14941291205769,0,0,0
1,1,3.1780538303479458,1,11.60355196618341,1,0,0
1,0,3.332204510175204,0,11.254232453200062,0,0,0
1,0,3.555348061489413,1,10.889453589653009,0,0,0
1,1,3.4011973816621555,1,11.684160796026616,1,0,0
0,0,3.7612001156935615,1,11.66574955097516,1,0,0
0,1,3.044522437723423,1,11.650563414137544,0,0,0
1,1,3.1780538303479458,1,11.095165078767913,0,0,0
0,0,3.5263605246161616,1,11.233555418386214,0,0,0
1,1,3.258096538021482,1,11.755518640105752,1,0,0
0,0,3.610917912644224,1,11.581266123812746,1,0,0
1,1,3.4657359027997265,1,11.31686191805976,0,0,0
1,1,3.49650756146648,1,11.578160618403167,0,0,0
0,1,3.332204510175204,1,11.456545571534024,1,0,0
1,1,3.4011973816621555,1,11.64771856131176,1,0,0
1,1,3.258096538021482,1,10.95369710197607,0,0,0
1,0,3.218875824868201,0,11.604683890209769,0,0,0
0,0,3.49650756146648,0,11.640606024805004,1,0,0
1,1,3.4011973816621555,1,11.449495662310444,1,0,0
1,1,3.258096538021482,1,11.767738211438726,1,0,0
0,1,3.1354942159291497,1,11.109518237971509,0,0,0
0,1,3.218875824868201,1,11.04594127263337,0,0,0
1,0,3.688879454113936,1,11.12164428762842,0,0,0
0,0,3.828641396489095,1,11.639514062069802,0,0,0
1,1,3.7612001156935615,1,10.792037029428558,0,0,0
1,1,3.091042453358316,1,11.584259593574554,0,0,0
0,1,3.6635616461296463,1,11.189754374588144,0,0,0
1,1,3.295836866004329,1,11.660776342648958,0,0,0
0,0,3.688879454113936,1,11.442320580602678,0,0,0
0,0,3.1780538303479458,0,11.058889668606032,0,0,0
1,0,3.951243718581428,1,11.640606024805004,1,0,0
1,1,3.4011973816621555,1,11.706837920341318,0,0,0
1,1,3.5263605246161616,1,11.268060196083502,0,0,0
1,0,3.6375861597263857,1,11.551434386398336,1,0,0
0,1,3.6635616461296463,1,11.397480942858383,0,0,0
1,0,3.367295829986474,0,11.300375601866888,0,0,0
0,1,3.218875824868201,1,11.085322104115052,0,0,0
1,1,3.555348061489413,1,11.44566323791106,0,0,0
0,0,3.970291913552122,1,11.711530391837284,0,0,0
0,0,3.258096538021482,0,11.035325053102616,0,0,0
0,0,3.49650756146648,1,11.39190970970183,0,0,0
0,1,3.367295829986474,1,11.406608936922591,0,0,0
0,0,3.6635616461296463,1,11.33070790276865,0,0,0
0,0,3.367295829986474,0,11.546737345958949,1,0,0
0,0,3.258096538021482,0,11.656601476503466,1,0,0
0,0,3.1780538303479458,0,11.130932713047208,0,0,0
1,1,3.044522437723423,1,11.640702834912055,0,0,0
1,1,3.258096538021482,1,11.743084351178345,1,0,0
1,1,2.995732273553991,1,11.420557951273969,0,0,0
1,0,3.555348061489413,1,11.201851933061077,0,0,0
1,1,3.1780538303479458,1,11.142166085101078,0,0,0
1,0,3.688879454113936,1,11.716625204606236,1,0,0
1,0,3.784189633918261,1,11.713250646203758,1,0,0
0,0,3.367295829986474,0,11.227374453527402,0,0,0
1,1,3.6635616461296463,1,11.314145203733,0,0,0
1,1,3.555348061489413,1,11.431650331505246,0,0,0
0,0,3.737669618283368,1,11.58412922397656,0,0,0
1,0,3.4657359027997265,1,11.49295742399396,1,0,0
0,0,3.871201010907891,1,11.460241730684784,0,0,0
0,0,3.258096538021482,0,11.331907058706664,0,0,0
1,1,3.258096538021482,1,11.607207844041016,1,0,0
0,0,3.737669618283368,1,11.501621818798837,0,0,0
0,0,3.871201010907891,1,11.46123209056134,0,0,0
1,1,3.737669618283368,1,11.78096589716672,1,0,0
1,1,3.295836866004329,1,11.452060189198953,0,0,0
1,1,3.610917912644224,1,11.462379259863024,0,0,0
0,0,3.49650756146648,0,11.672558233509491,1,0,0
0,0,3.49650756146648,1,11.62708416286432,1,0,0
1,0,3.610917912644224,1,11.727173568846068,1,0,0
1,1,3.4339872044851463,1,11.292141627340476,0,0,0
0,0,3.6635616461296463,1,11.728754329069098,1,0,0
1,0,3.688879454113936,1,11.322648346447616,0,0,0
1,1,3.332204510175204,1,11.394794868921728,0,0,0
1,1,3.258096538021482,1,11.296509234405445,0,0,0
1,1,3.1780538303479458,1,11.341282686518422,0,0,0
0,0,3.688879454113936,1,11.551790345591854,1,0,0
1,1,3.367295829986474,1,11.536612694283384,1,0,0
0,0,3.7612001156935615,1,11.62234473273877,1,0,0
0,0,3.1354942159291497,0,11.388042282823536,0,0,0
1,0,3.5263605246161616,1,11.650659265098088,1,0,0
1,1,3.737669618283368,1,11.637573769535338,1,0,0
1,1,3.49650756146648,1,11.559379569342113,1,0,0
1,1,3.4657359027997265,1,11.699612479273824,1,0,0
1,1,3.258096538021482,1,11.472957272523892,0,0,0
1,1,3.1354942159291497,1,11.37626919499818,0,0,0
1,1,3.258096538021482,1,11.14667626231148,0,0,0
1,1,3.295836866004329,1,11.382554786308235,0,0,0
0,0,3.1780538303479458,0,11.170125248852257,0,0,0
0,0,3.295836866004329,0,11.554029019848644,0,0,0
1,1,3.258096538021482,1,11.488130597151969,1,0,0
1,0,3.737669618283368,1,11.27693727332721,0,0,0
1,0,3.610917912644224,1,11.320553572322773,0,0,0
1,1,3.258096538021482,1,11.365654399567868,0,0,0
1,1,3.1780538303479458,1,11.274185926031462,0,0,0
1,0,3.6635616461296463,1,11.74040360835197,1,0,0
0,0,3.258096538021482,0,11.161039037763294,0,0,0
0,1,3.555348061489413,1,11.63492183427948,1,0,0
0,0,3.6375861597263857,1,11.479172178164838,0,0,0
1,1,3.1780538303479458,1,11.502086939789232,1,0,0
1,0,3.258096538021482,0,11.601394112957836,1,0,0
0,0,3.218875824868201,0,11.59873612138334,0,0,0
0,0,3.688879454113936,1,11.174679656499864,0,0,0
1,0,3.871201010907891,1,11.587633971053062,0,0,0
1,1,3.091042453358316,1,11.622676328929348,1,0,0
1,1,3.218875824868201,1,11.542231808162205,1,0,0
0,1,3.1780538303479458,1,11.057881381662998,0,0,0
0,0,3.6635616461296463,1,11.68614741227829,0,0,0
0,0,3.6635616461296463,1,11.302043926946904,0,0,0
1,1,3.044522437723423,1,11.13881366452006,0,0,0
1,0,3.295836866004329,0,11.36746029003828,0,0,0
0,0,3.688879454113936,1,11.250014050843658,0,0,0
1,1,3.610917912644224,1,11.584399256428652,1,0,0
1,0,3.737669618283368,1,11.14351259415456,0,0,0
1,1,3.4339872044851463,1,11.688281149646976,1,0,0
1,1,3.4339872044851463,1,11.532904547285542,1,0,0
0,0,3.4011973816621555,0,11.489452108784588,1,0,0
1,0,3.1354942159291497,0,11.083095940409448,0,0,0
0,0,3.49650756146648,0,11.679659498422469,1,0,0
1,1,3.610917912644224,1,11.73244646275329,1,0,0
1,0,3.367295829986474,0,11.357872711730396,0,0,0
1,0,3.4339872044851463,1,11.636098393466527,1,0,0
0,0,3.6635616461296463,1,11.446294088671628,0,0,0
1,1,3.49650756146648,1,10.657635754653471,0,0,0
0,1,3.258096538021482,1,11.190362050660264,0,0,0
1,1,3.295836866004329,1,11.60963466568826,1,0,0
1,0,2.995732273553991,0,11.018055207994363,0,0,0
1,1,3.295836866004329,1,11.5190864470837,0,0,0
1,1,3.258096538021482,1,11.170730886938642,0,0,0
0,0,3.688879454113936,1,11.4530586809222,0,0,0
0,0,3.1780538303479458,0,10.70866793677185,0,0,0
1,1,3.091042453358316,1,11.544433821905134,1,0,0
1,1,3.1780538303479458,1,11.040278344779075,0,0,0
1,0,3.295836866004329,0,11.550096001022853,1,0,0
0,0,3.555348061489413,1,11.506917452956234,1,0,0
0,1,3.295836866004329,1,11.56359006176886,1,0,0
1,1,3.218875824868201,1,11.657597074312278,0,0,0
1,1,3.5263605246161616,1,11.742790377244564,0,0,0
1,0,3.1780538303479458,0,11.126321364502983,0,0,0
1,0,3.5263605246161616,1,11.70241295171571,1,0,0
0,0,3.737669618283368,1,11.255669132776468,0,0,0
1,0,3.6375861597263857,1,11.34631582698055,0,0,0
0,0,3.737669618283368,1,11.30965806766081,0,0,0
1,0,3.555348061489413,1,11.638500287878294,0,0,0
1,1,3.295836866004329,1,11.519344816772412,1,0,0
0,0,3.218875824868201,0,11.067216320291932,0,0,0
1,1,3.1354942159291497,1,11.526335151880144,1,0,0
1,1,3.5263605246161616,1,11.746684472427384,1,0,0
1,1,3.332204510175204,1,11.782013229813476,1,0,0
0,0,3.044522437723423,0,11.547036994598995,1,0,0
1,0,3.4657359027997265,0,11.649098365738205,1,0,0
1,1,3.044522437723423,1,11.700914265890065,1,0,0
0,0,3.218875824868201,0,11.106880188596998,0,0,0
1,1,3.555348061489413,1,11.731635201438488,0,0,0
1,1,3.218875824868201,1,11.576529174307367,0,0,0
1,1,3.4339872044851463,1,11.274135138829829,0,0,0
0,0,3.9889840465642745,1,11.763972079614486,1,0,0
1,0,3.9318256327243257,1,11.523608200816694,0,0,0
1,0,3.6375861597263857,1,11.381335044582633,0,0,0
0,0,3.80666248977032,1,11.638800119445747,1,0,0
1,0,3.8501476017100575,1,11.724198843713951,0,0,0
1,1,3.295836866004329,1,11.67626805516638,1,0,0
0,0,3.4339872044851463,0,11.366742954792146,0,0,0
1,1,3.1780538303479458,1,11.492396173717736,0,0,0
0,0,3.218875824868201,0,11.133361994384718,0,0,0
